smiles	name
CCC1=C2N=C(C=C(N2N=C1)NCC3=C[N+](=CC=C3)[O-])N4CCCC[C@H]4CCO	Dinaciclib
COC1=C(C=C2C(=C1)C(=NC=N2)NC3=CC(=CC=C3)Br)OC	153436-54-5
C[C@@H]1CN(C(=O)C2=C(C(=CC=C2)NC(=O)C3=CC=NC=C3)O[C@H]1CN(C)C(=O)NC4=CC=CC5=CC=CC=C54)[C@@H](C)CO	N-[(2R,3R)-5-[(2S)-1-hydroxypropan-2-yl]-3-methyl-2-[[methyl-[(1-naphthalenylamino)-oxomethyl]amino]methyl]-6-oxo-3,4-dihydro-2H-1,5-benzoxazocin-10-yl]-4-pyridinecarboxamide
C[C@H]1CN(C(=O)C2=C(C=CC(=C2)NC(=O)NC3=CC=C(C=C3)OC)O[C@H]1CN(C)CC4=CC5=C(C=C4)OCO5)[C@@H](C)CO	BRD-7880
CC(C)(C)OC(=O)NC1=CC=C(C=C1)C2=CC(=NO2)C(=O)NCCCCCCC(=O)NO	CAY10603
C1CCC(C(C1)[NH-])[NH-].C(=O)(C(=O)O)O.[Pt+2]	FT-0601620
CCCCCCCCCC[C@H]1[C@@H](OC1=O)CCC2=CC(=C(C=C2)OC)OC	Palmostatin B
CNCC1=CC=C(C=C1)C2=C3CCNC(=O)C4=CC(=CC(=C34)N2)F	RUCAPARIB
C1CCC(C1)[C@@H](CC#N)N2C=C(C=N2)C3=C4C=CNC4=NC=N3	Ruxolitinib
CN1CCN(CC1)C2=CC(=C(C=C2)NC3=NC(=C(S3)C(=O)C4=C(C=CC=C4Cl)Cl)N)OC	[4-amino-2-[2-methoxy-4-(4-methyl-1-piperazinyl)anilino]-5-thiazolyl]-(2,6-dichlorophenyl)methanone
CCN1C2=C(C(=O)N(C1=O)CC)N(C(=N2)/C=C/C3=CC(=C(C=C3)OC)OC)C	Istradefylline
C[C@@]12[C@@H]([C@@H](C[C@@H](O1)N3C4=CC=CC=C4C5=C6C(=C7C8=CC=CC=C8N2C7=C53)CNC6=O)N(C)C(=O)C9=CC=CC=C9)OC	Midostaurin
COC[C@]1(C(=O)C2CCN1CC2)CO	UNII-8A7Y6RUE2U
C1=CC(=CC=C1CCCC(=O)O)N(CCCl)CCCl	chlorambucil
CCCS(=O)(=O)NC1=C(C(=C(C=C1)F)C(=O)C2=CNC3=NC=C(C=C23)Cl)F	PLX-4720
CC1(CCC(=C(C1)C2=CC=C(C=C2)Cl)CN3CCN(CC3)C4=CC(=C(C=C4)C(=O)NS(=O)(=O)C5=CC(=C(C=C5)NCC6CCOCC6)[N+](=O)[O-])OC7=CN=C8C(=C7)C=CN8)C	Venetoclax
COC1=C(C=C2C(=C1)N=CN2C3=CC(=C(S3)C#N)OCC4=CC=CC=C4S(=O)(=O)C)OC	IKK-3 Inhibitor
CC1=C(C(=NO1)C)C2=C(C=C3C(=C2)N=CC4=C3N(C(=O)N4)[C@H](C)C5=CC=CC=N5)OC	1300031-49-5
C1=CC=C(C=C1)C#CS(=O)(=O)N	Pifithrin-mu
CN(C)CC[C@H](CSC1=CC=CC=C1)NC2=C(C=C(C=C2)S(=O)(=O)NC(=O)C3=CC=C(C=C3)N4CCN(CC4)CC5=CC=CC=C5C6=CC=C(C=C6)Cl)[N+](=O)[O-]	ABT-737
CCOC(=O)C1=C(C2=C(N1C)C(=C(C=C2)Cl)Cl)C(=CN)C#N	CHEMBL3185999
CC[C@H](C)[C@@H](C(=O)N[C@@H](CCC(=O)N)C(=O)N[C@@H](CCSC)C(=O)N[C@@H](CC(C)C)C(=O)N[C@@H](CC(C)C)C(=O)N[C@@H](CCC(=O)O)C(=O)N[C@@H](C)C(=O)N[C@@H](C)C(=O)N[C@@H](CC(=O)N)C(=O)N[C@@H](CCCNC(=N)N)C(=O)N[C@@]1(CCC/C=C\CCC[C@](NC(=O)[C@@H](NC(=O)[C@@H](NC(=O)[C@@H](NC1=O)CCC(=O)O)CCCNC(=N)N)CCCNC(=N)N)(C)C(=O)N[C@@H](CCCNC(=N)N)C(=O)N)C)NC(=O)[C@H](CCCNC(=N)N)NC(=O)[C@H](CCCNC(=N)N)NC(=O)CCNC(=O)C	BRD-K20514654-001-01-8
CC(=O)NC1=CC=C(C=C1)C(=O)NC2=C(C=C(C=C2)F)N	BRD3308
C1COCCN1C2=NC(=NC3=C2OC4=C3C=CC=N4)C5=CC(=CC=C5)O	PI-103
C[C@@H]1CN(C(=O)CC2=C(C=CC(=C2)NC(=O)NC3=CC=C(C=C3)F)O[C@@H]1CN(C)CC4=CC=C(C=C4)C(=O)O)[C@H](C)CO	4-[[[(2S,3R)-9-[[(4-fluoroanilino)-oxomethyl]amino]-5-[(2R)-1-hydroxypropan-2-yl]-3-methyl-6-oxo-2,3,4,7-tetrahydro-1,5-benzoxazonin-2-yl]methyl-methylamino]methyl]benzoic acid
CC1(CC2=C(C(NC3=C2C4=CC=CC=C4C=C3)C5=CC(=C(C=C5)N(C)C)Br)C(=O)C1)C	Glutaminase C-IN-1
CC1(CC2=C([C@H](C3=C(NNC3=N2)C(F)(F)F)C4=CC=CC=C4OC)C(=O)C1)C	BRD1172
CC(C)N1C=NC2=C1N=C(N=C2NC3=CC(=CC=C3)NC(=O)C=C)NC4CCC(CC4)N(C)C	N-[3-[[2-[[4-(dimethylamino)cyclohexyl]amino]-9-propan-2-yl-6-purinyl]amino]phenyl]-2-propenamide
C1=CC(=CNNC(=O)COC2=C(C=C(C=C2Cl)Cl)Cl)N=C1	ML239
CCOC1=C(C=C2C(=C1)N=CC(=C2NC3=CC(=C(C=C3)F)Cl)C#N)NC(=O)/C=C/CN(C)C	Pelitinib
COC(=O)C(CC#CC1=CC2=C(C=C1)NC(=O)[C@@]23[C@H]([C@@H]4C(=O)O[C@H]([C@H](N4[C@H]3C5=CC=CC=C5OCCO)C6=CC=CC=C6)C7=CC=CC=C7)C(=O)N8CCN(CC8)C9=NC=CC=N9)C(=O)OC	CHEBI:94110
CC1=C(SC(=N1)NC(=O)C)S(=O)(=O)NC2=CC=C(C=C2)C(C(F)(F)F)(C(F)(F)F)O	SR1001
COC1=CC2=C(C=CN=C2C=C1OCCCN3CCOCC3)OC4=C(C=C(C=C4)NC(=O)C5(CC5)C(=O)NC6=CC=C(C=C6)F)F	Foretinib
CC1=C2[C@H](C3=C(CC(CC3=O)(C)C)N=C2NN1)C4=CC=CC=C4	SCHEMBL16479156
CC1=CC2=C(N1)C=CC(=C2F)OC3=NC=NN4C3=C(C(=C4)OC[C@@H](C)O)C	Brivanib
CCC(C)N1C(=O)N(C=N1)C2=CC=C(C=C2)N3CCN(CC3)C4=CC=C(C=C4)OCC5COC(O5)(CN6C=NC=N6)C7=C(C=C(C=C7)Cl)Cl	itraconazole
C[C@]12CC[C@H]3[C@H]([C@@H]1CC[C@@H]2O)[C@@H](CC4=C3C=CC(=C4)O)CCCCCCCCCS(=O)CCCC(C(F)(F)F)(F)F	Fulvestrant
CN1C(=O)C(NC1=S)CC2=CNC3=CC=CC=C32	Necrostatin-1
CCCCC1=CC2=C(C=C1)N=C(N2)NC(=O)OC	Parbendazole
CC(C)[C@@]12[C@@H](O1)[C@H]3[C@@]4(O3)[C@]5(CCC6=C(C5C[C@H]7[C@]4([C@@H]2O)O7)COC6=O)C	38748-32-2
CC(C)(C)C1=CC(=CC(=C1)C(=O)/C=C/C2=CC=C(C=C2)C(=O)O)C(C)(C)C	CH 55
CCN1CCN(CC1)CC2=C(C=C(C=C2)NC(=O)C3=CC(=C(C=C3)C)OC4=C5C=CNC5=NC=C4)C(F)(F)F	NG25
CC1CCC/C=C\C2CC(CC2C(/C=C\C(=O)O1)O)O	brefeldin A
CCOC(=O)NC(=O)/C(=C/C1=CC(=C(C=C1)Cl)Cl)/C#N	ethyl 2-cyano-3-(3,4-dichlorophenyl)acryloylcarbamate
C1COCCC1N2C3=C(C(=N2)COC4=CC(=CC=C4)Cl)C(=NC=N3)N	PF-4800567
C[C@H]1CN(C(=O)CC2=C(C=CC(=C2)NC(=O)NC3CCCCC3)O[C@H]1CN(C)C(=O)NC4=CC=CC5=CC=CC=C54)[C@@H](C)CO	1-[[(2R,3S)-9-[[(cyclohexylamino)-oxomethyl]amino]-5-[(2S)-1-hydroxypropan-2-yl]-3-methyl-6-oxo-2,3,4,7-tetrahydro-1,5-benzoxazonin-2-yl]methyl]-1-methyl-3-(1-naphthalenyl)urea
CCOC(=O)CCNC1=NC(=NC(=C1)N2CCC3=CC=CC=C3CC2)C4=CC=CC=N4	GSK-J4
CN(CC1=CN=C2C(=N1)C(=NC(=N2)N)N)C3=CC=C(C=C3)C(=O)N[C@@H](CCC(=O)O)C(=O)O	methotrexate
C1/C(=C\C2=CC=CS2)/C(=O)/C(=C/C3=CC=CS3)/C1	CCT007093
CCN1C2=C(C(=NC=C2OC[C@H]3CCCNC3)C#CC(C)(C)O)N=C1C4=NON=C4N	937174-76-0
CC1=CC=C(C=C1)C(=O)N(CCCN)[C@H](C2=C(C(=O)C3=C(O2)C=C(C=C3)Cl)CC4=CC=CC=C4)C(C)C	ZINC113660258
CC(C)C1=C(C=C(C(=C1)C(=O)N2CC3=C(C2)C=C(C=C3)CN4CCN(CC4)C)O)O	Onalespib
C1=CC(=C(C=C1I)F)NC2=C(C(=C(C=C2C(=O)NOCC(CO)O)Br)F)F	PD318088
CN1C2=CC=CC=C2C(=C3C1=NC(=O)N(C3=O)C)NCCCN(C)C	HLI373
CNC(=O)C1=CC=CC=C1SC2=CC3=C(C=C2)C(=NN3)/C=C/C4=CC=CC=N4	Axitinib
CC(C)C[C@@H](C=O)NC(=O)[C@H](CC(C)C)NC(=O)[C@H](CC(C)C)NC(=O)OCC1=CC=CC=C1	MG-132
C1=CC(=CC(=C1)NC(=O)C2=C(C(=CC=C2)O)O)NC(=O)C3=C(C(=CC=C3)O)O	Telomerase Inhibitor IX
CC1=C(C(=NO1)C(=O)N2CCN(CC2)C(C3=CC=C(C=C3)Cl)C4=CC=C(C=C4)Cl)[N+](=O)[O-]	ML-210
CN1CCN(CC1)CCCN2C3=CC=CC=C3SC4=C2C=C(C=C4)Cl	prochlorperazine
CC(C)C1=CC=CC=C1OC(=O)NCCC2=CC3=CC=CC=C3C=C2	JW 480
C1CN(CCC1CC2=CC3=CC=CC=C3N=C2)C(=O)NC4=CC=CC=C4	PF 750
C1CC(=O)NC(=O)C1N2C(=O)C3=CC=CC=C3C2=O	thalidomide
C1CN([C@H]2CN(C(=O)[C@@H](N2C1=O)CC3=CC=C(C=C3)O)CC4=CC=CC5=CC=CC=C54)C(=O)NCC6=CC=CC=C6	ICG-001
CC1=C(C=C(C=C1)C(=O)NC2=CC=C(C=C2)S(=O)(=O)NC3=NC4=CC=CC=C4N=C3NC5=CC(=CC(=C5)OC)OC)OC	XL765
COC1=C(C=C2C(=C1)C(=NC=N2)N3C(=NC(=N3)C4=CC=CC=N4)N)OC	1080622-86-1
C1=CC=C(C=C1)NS(=O)(=O)C2=CC=CC(=C2)/C=C/C(=O)NO	Belinostat
C1CC(=O)NC(=O)C1N2CC3=C(C2=O)C=CC=C3N	Lenalidomide
CC1=C(C(=C2C(=C1)C(=C(C(=C2C=O)O)O)C(C)C)O)C3=C(C=C4C(=C3O)C(=C(C(=C4C(C)C)O)O)C=O)C	gossypol
CN(C(=S)C1=CC=CC=C1)NC(=O)CC(=O)NN(C)C(=S)C2=CC=CC=C2	Elesclomol
CCCCCCCCC1=CC=C(C=C1)CCC(CO)(CO)N	Fingolimod
CC/C(=C(\C1=CC=CC=C1)/C2=CC=C(C=C2)OCCN(C)C)/C3=CC=CC=C3	tamoxifen
CC1=CC(=C(N1C2=CC=C(C=C2)F)C)C(=O)CN3CCCC3	314245-33-5
CC1=C(C=C(C=C1)C(=O)NC2=CC=CC(=C2)C(F)(F)F)NC3=NC(=NC4=C3C=NN4C)C5=CN=CC=C5	NVP-BHG712
C[C@H]1[C@@H]([C@H]([C@H]([C@@H](O1)O[C@H]2C[C@H]([C@@]3([C@@H]4[C@@H](CC[C@@]3(C2)O)[C@]5(CC[C@@H]([C@]5(C[C@H]4O)C)C6=CC(=O)OC6)O)CO)O)O)O)O	ouabain
CN(C)CC(=O)N[C@@H]1CC[C@H](O[C@H]1CO)CCNC(=O)NC2=CC=C(C=C2)F	2-(dimethylamino)-N-[(2R,3R,6S)-6-[2-[[(4-fluoroanilino)-oxomethyl]amino]ethyl]-2-(hydroxymethyl)-3-oxanyl]acetamide
CN(C)CCNC(=O)C1=CC2=C(S1)C3=C(C=C(C=C3)Cl)SC2	MLS001198989
CC1=CN=C(N=C1C2=CNC(=C2)C(=O)N[C@H](CO)C3=CC(=CC=C3)Cl)NC4=C(C=C(C=C4)F)Cl	VX-11e
CN1CCN(CC1)C2=CC=C(C3=NO[N+](=C23)[O-])[N+](=O)[O-]	58131-57-0
CC1=CSC(=NC2CCCCC2)N1NC=C3C=CC(=O)C(=C3O)O	Oprea1_718426
CC1=CC=CC(=N1)C2=C(N=C(N2)C(C)(C)C)C3=CC4=NC=CN=C4C=C3	356559-20-1
CS(=O)(=O)C1=CC=CC(=C1)CNC2=NC(=NC=C2C(F)(F)F)NC3=CC4=C(C=C3)NC(=O)CC4	869288-64-2
C/C/1=C\CC[C@@]2([C@H](O2)[C@@H]3[C@@H](CC1)C(=C)C(=O)O3)C	parthenolide
CC(=C)[C@@H]1CC[C@]2([C@H]1[C@H]3CC[C@@H]4[C@]5(CC[C@@H](C([C@@H]5CC[C@]4([C@@]3(CC2)C)C)(C)C)O)C)C(=O)O	betulinic acid
COC1=CC(=CC(=C1O)OC)[C@H]2[C@@H]3C(COC3=O)C(C4=CC5=C(C=C24)OCO5)O[C@H]6[C@@H]([C@H](C7[C@H](O6)CO[C@H](O7)C8=CC=CS8)O)O	teniposide
CC(C)N1C=NC2=C1N=C(N=C2NCCC3=CC=C(C=C3)O)C4=CSC5=CC=CC=C54	StemRegenin 1
C1COCCN1CC2=CC(=O)C(=CO2)OCCCCCSC3=C4C=CC(=CC4=NC=C3)C(F)(F)F.Cl.Cl	EHT 1864
COC1=CC=C(C=C1)COC2=C(C=C(C=C2)CC3=CN=C(N=C3N)N)OC	GW2580
CN1CCN(CC1)C(=O)C[C@H]2CC[C@@H]([C@H](O2)CO)NC(=O)C3=CC4=C(C=C3)OCO4	N-[(2S,3S,6R)-2-(hydroxymethyl)-6-[2-(4-methyl-1-piperazinyl)-2-oxoethyl]-3-oxanyl]-1,3-benzodioxole-5-carboxamide
C1=CC=C(C=C1)NC(=O)CCCCCCC(=O)NO	Vorinostat
C1CC1COC\2=CC=CC(=O)/C2=C\3/C=C(C(=C(N3)N)C#N)C4CCNCC4	ACHP
CC1=CC(=NO1)NC(=O)NC2=C(C=C(C=C2)OC3=C4C=C(C(=CC4=NC=C3)OC)OC)Cl	Tivozanib
CCOC1=C(C(=CC(=C1)C=C2C(=NN(C2=O)C3=CC=CC=C3)C)Cl)OCC(=O)OC	SJ-172550
C1COCCN1C2=CC(=O)C=C(O2)C3=C4C(=CC=C3)SC5=CC=CC=C5S4	KU-55933
CN1C=C(N=C1)C2=CC3=NC=CC(=C3S2)OC4=C(C=C(C=C4)NC(=S)NC(=O)CC5=CC=CC=C5)F	MGCD-265
CN1C=NC=C1[C@@](C2=CC=C(C=C2)Cl)(C3=CC4=C(C=C3)N(C(=O)C=C4C5=CC(=CC=C5)Cl)C)N	Tipifarnib
CCCCCCC(=O)CCCCCC/C=C/C[C@@H]([C@H](C(CO)(C(=O)O)N)O)O	CHEBI:94975
C[C@H]1CN(S(=O)(=O)C2=C(C=C(C=C2)C#CC3=CC=NC=C3)O[C@@H]1CN(C)C(=O)NC4=CC5=C(C=C4)OCO5)[C@@H](C)CO	BRD-1240
CC1(C=CC2=C(O1)C=CC3=C2[N+](=C4C3=C[C@]56[C@H](C4(C)C)C[C@@]7(CCCN7C5=O)C(=O)N6)[O-])C	Avrainvillamide
C1CC2=C(C=CC(=C2)NC3=C(C=C(C=C3)F)F)C(=O)C4=C1C=CC(=C4)OC[C@@H](CO)O	Skepinone-L
C1=CC=C(C(=C1)NC(=O)NC2=C(C=C(C=C2)[N+](=O)[O-])O)Br	182498-32-4
CN1CCN(CC1)C2=CC(=C(C=C2)NC3=NC=C4C(=N3)N(C5=CC=CC=C5C(=O)N4C)C)OC	1234479-76-5
COC1=C(C=C2C(=C1)N=CN=C2NC3=CC=CC(=C3)C#C)OCCCCCCC(=O)NO	CUDC-101
CC1=C(C(CCC1)(C)C)/C=C/C(=C/C=C/C(=C/C(=O)O)/C)/C	Retinoic acid
CC1=CC=C(C=C1)C2=C(N(C3=C2C(=NC=N3)N)CCCO)C(=O)CF	821794-92-7
CC(=O)NC1CCN(CC1)C(=O)NC2=C(C=CC(=C2)C3=CC=CS3)N	4-acetamido-N-(2-amino-5-thiophen-2-ylphenyl)-1-piperidinecarboxamide
CC(C)CC(=O)N1CCC2CCC(N2C(=O)C(C1)NC(=O)C(C)NC)C(=O)NC(C3=CC=CC=C3)C4=CC=CC=C4	SCHEMBL18188080
C[C@H]1C[C@@H](OC1=O)[C@H]([C@H](C2=C(C3=C(C=C2)[C@@H]4C[C@H]([C@]56[C@@H](OC[C@H](O5)C[C@@]6([C@H]4C3=O)C)O)Br)C)C(Cl)Cl)O	CHEMBL3183639
C1COCCN1C2=NC(=C(N=N2)C3=CC=CC=C3)C4=CC=CC=C4	4-(5,6-diphenyl-1,2,4-triazin-3-yl)morpholine
C1CC2=C(C1)C=C(C=C2)OC3=NC4=C(C(=N3)N[C@@H](CC5=CC=CC=C5)CO)N=CN4CC6=CC=C(C=C6)C7=CC=CC=C7	QS11
COC1=C(C=C(C=C1)N(C(C2=CC=CS2)C(=O)NCCC3=CC=CC=C3)C(=O)CCl)Cl	1035072-16-2
CCCCCCCCCCCCC/C=C/[C@H]([C@H](CO)NC(=O)CCCCC)O	N-hexanoylsphingosine
CN1CCC2=C(C1)C3=CC=CC=C3N2CC4=CC=C(C=C4)C(=O)NO	Tubastatin A
CCCCC/C=C\C/C=C\C/C=C\C/C=C\CCCC(=O)C(F)(F)F	Aacocf3
C[C@@]1(CCCN1)C2=NC3=C(C=CC=C3N2)C(=O)N	Veliparib
CC1=C(N=C(N=C1N)[C@H](CC(=O)N)NC[C@H](C(=O)N)N)C(=O)N[C@@H](C(C2=CN=CN2)O[C@@H]3[C@@H]([C@@H]([C@H]([C@H](O3)CO)O)O)O[C@@H]4[C@H]([C@H]([C@@H]([C@H](O4)CO)O)OC(=O)N)O)C(=O)N[C@@H](C)[C@@H]([C@@H](C)C(=O)N[C@H]([C@@H](C)O)C(=O)NCCC5=NC(=CS5)C6=NC(=CS6)C(=O)NCCC[S+](C)C)O	Bleomycin sulfate
COC1=C(C=C2C(=C1)C(=NC=N2)NC3=CC=C(C=C3)NC(=O)C4=CC=CC=C4)OCCCN5CCOCC5	331771-20-1
CS(=O)(=O)C1=CC(=C(C=C1)C(=O)NC2=CC(=C(C=C2)Cl)C3=CC=CC=N3)Cl	Vismodegib
C1=CC(=CC(=C1)Cl)NC2=C3C=CN=CC3=C4C=CC(=CC4=N2)C(=O)O	Silmitasertib
COC1=CC=C(C=C1)S(=O)(=O)N2CCN(CC2)S(=O)(=O)C3=CC4=C(C=C3)OCCO4	ML083
CC(C)(C)[S@](=O)N1CC2=CC(=NC(=C2[C@@H]1CCO)C3=CC=CC(=C3)C4=CC=CC=C4OC)C(=O)NCC5=CC=NC=C5	(3S)-2-[(S)-tert-butylsulfinyl]-3-(2-hydroxyethyl)-4-[3-(2-methoxyphenyl)phenyl]-N-(pyridin-4-ylmethyl)-1,3-dihydropyrrolo[3,4-c]pyridine-6-carboxamide
C1COCCN1C2=CC=C(C=C2)NC3=NC=CC(=N3)C4=CC=C(C=C4)C(=O)NCC#N	Cyt387
CCOC1=C(C=C2C(=C1)N=CC(=C2NC3=CC(=C(C=C3)OCC4=CC=CC=N4)Cl)C#N)NC(=O)/C=C/CN(C)C	Neratinib
COC1=C(C(=CC=C1)F)C2=NCC3=CN=C(N=C3C4=C2C=C(C=C4)Cl)NC5=CC(=C(C=C5)C(=O)O)OC	Alisertib
CC[C@H](CO)NC1=NC2=C(C(=N1)NCC3=CC=CC=C3)N=CN2C(C)C	roscovitine
C[C@@H]1CN(C[C@@H](N1)C)C2=CC=C(C=C2)C(=O)NC3=NNC(=C3)CCC4=CC(=CC(=C4)OC)OC	AZD4547
C1=NC2=C(N1[C@H]3[C@H]([C@@H]([C@H](O3)CO)O)F)N=C(N=C2N)Cl	Clofarabine
CC1=C2[C@H](C(=O)[C@@]3([C@H](C[C@@H]4[C@]([C@H]3[C@@H]([C@@](C2(C)C)(C[C@@H]1OC(=O)[C@@H]([C@H](C5=CC=CC=C5)NC(=O)C6=CC=CC=C6)O)O)OC(=O)C7=CC=CC=C7)(CO4)OC(=O)C)O)C)OC(=O)C	paclitaxel
C1=CC=C2C(=C1)C(=CN2)CCN(CCO)CC3=CC=C(C=C3)/C=C/C(=O)NO	Dacinostat
C1=CC2=C(C(=O)/C(=N/NC3=CC4=C(C=C3)C=C(C=C4)S(=O)(=O)O)/C=C2S(=O)(=O)O)N=C1	56990-57-9
C1=CC=C(C=C1)C2=NN3C=CC=CC3=C2C4=CC5=C(NN=C5N=N4)N	865362-74-9
C1=CC=C2C(=C1)C3=NNC4=CC=CC(=C43)C2=O	129-56-6
CC1=NC2=C(C(=N1)NC3=NNC4=C3CN(C4(C)C)C(=O)N[C@H](CN(C)C)C5=CC=CC=C5)SC=C2	PF-3758309
C[C@H](C1=CC=C(C=C1)C(=O)NC2=C3C=CNC3=NC=C2)N.Cl	Y-39983
CC1=C(C=C(C=C1)NC(=O)C2=CC=C(C=C2)CN3CCN(CC3)C)NC4=NC(=CS4)C5=CN=CC=C5	Masitinib
C1CCN(C1)C(=O)NC2=CC=CC(=C2)NC3=NC=C(C(=N3)NCCC4=CN=CN4)Br	BX-912
CN(C)C/C=C/C(=O)NC1=C(C=C2C(=C1)C(=NC=N2)NC3=CC(=C(C=C3)F)Cl)O[C@H]4CCOC4	Afatinib
C1COCCN1C2=CC(=CC(=C2)C3=NC(=NC=C3)NC4=CC=C(C=C4)N5C=NC(=N5)N6CCOCC6)F	CHEMBL585951
CC1=CC(=NN1)NC2=NC(=NC(=C2)N3CCN(CC3)C)SC4=CC=C(C=C4)NC(=O)C5CC5	Tozasertib
CC(=O)N1CCN(CC1)C2CCC(CC2)N3C4=C(C(=N3)C5=CC(=C(C=C5)NC(=O)C6=CC7=CC=CC=C7N6C)OC)C(=NC=N4)N	A-770041
C[C@H]1COCCN1C2=NC(=NC3=C2C=CC(=N3)C4=CC(=C(C=C4)OC)CO)N5CCOC[C@@H]5C	AZD8055
CC1=C(C=C(C=C1)N2C(=O)C=CC3=CN=C4C=CC(=CC4=C32)C5=CNN=C5)NC(=O)C=C	N-[2-methyl-5-[2-oxo-9-(1H-pyrazol-4-yl)-1-benzo[h][1,6]naphthyridinyl]phenyl]-2-propenamide
CC1(CC=C(C2=C1C=CC(=C2)C(=O)NC3=CC=C(C=C3)C(=O)O)C4=CC5=CC=CC=C5N=C4)C	BMS614
C1CC1CONC(=O)C2=C(C(=C(C=C2)F)F)NC3=C(C=C(C=C3)I)Cl	212631-79-3
CCOC(=O)C1CC2=CC=CC=C2CN1C(=O)C3=CC=C(S3)SC	SR8278
CC1=C(C=C(C=C1)NC2=NC=NC(=C2)C3=CC(=CC=C3)N4C(=O)C5=CC=CC=C5C4=O)NS(=O)(=O)C	CDK9 inhibitor
CN1C(=O)N2C=NC(=C2N=N1)C(=O)N	temozolomide
CN1C2C3=C(CCN2C(=O)C4=CC=CC=C41)C5=CC=CC=C5N3	Isoevodiamine
CC1(CN=C(S1)N2CCN(CC2)C3=C4C5=C(CCCC5)SC4=NC=N3)C	MI-1
CC(CS(=O)(=O)C1=CC=C(C=C1)F)(C(=O)NC2=CC(=C(C=C2)C#N)C(F)(F)F)O	bicalutamide
B([C@H](CC(C)C)NC(=O)[C@H](CC1=CC=CC=C1)NC(=O)C2=NC=CN=C2)(O)O	Bortezomib
CCC1=CC=CC=C1NC(=O)CSC(=O)NNC(=O)[C@@H](CC2=CNC3=CC=CC=C32)NC(=O)OC(C)(C)C	CHEMBL258148
C1C2CC3CC1CC(C2)(C3)C4=C(C=C5C=C(C=CC5=C4)C6=CC=C(C=C6)C(=O)O)O	4-[6-(1-adamantyl)-7-hydroxy-2-naphthalenyl]benzoic acid
CC1=CC2=C(C=C1C(=C)C3=CC=C(C=C3)C(=O)O)C(CCC2(C)C)(C)C	Bexarotene
C1=CC=C2C=C3C(=CC2=C1)NC(=N3)CNC4=CC=C(C=C4)C(=O)O	NSC60043
C1[C@@H]2CC3=C(C(=CC=C3)O)C(=O)C2C(=O)[C@]4([C@@H]1CC(=O)C(C4=O)C(=O)N)O	(4aS,5aR,12aS)-10,12a-dihydroxy-1,3,11,12-tetraoxo-4,4a,5,5a,6,11a-hexahydrotetracene-2-carboxamide
CCN(CC)CCCCNC1=NC2=NC(=C(C=C2C=N1)C3=CC(=CC(=C3)OC)OC)NC(=O)NC(C)(C)C	219580-11-7
CC(C)OC1=C(C=CC(=C1)OC)C2=N[C@H]([C@H](N2C(=O)N3CCNC(=O)C3)C4=CC=C(C=C4)Cl)C5=CC=C(C=C5)Cl	nutlin-3A
CC1(CCC(=C(C1)CN2CCN(CC2)C3=CC=C(C=C3)C(=O)NS(=O)(=O)C4=CC(=C(C=C4)N[C@H](CCN5CCOCC5)CSC6=CC=CC=C6)S(=O)(=O)C(F)(F)F)C7=CC=C(C=C7)Cl)C	Navitoclax
COC1=CC=C(C=C1)N(C(=O)C2=CC=CC=C2)S(=O)(=O)C3=C(C=CC(=C3)OC)OC	N-(2,5-dimethoxyphenyl)sulfonyl-N-(4-methoxyphenyl)benzamide
CC(C)NC(=O)C1=CC=C(C=C1)CNNC	procarbazine
COC1=CC2=C(C=CN=C2C=C1OC)OC3=CC(=C(C=C3)NC(=O)NC4=C(C=C(C=C4)F)F)F	Ki8751
CC(C)OC1=CC=C(C=C1)NC(=O)N2CCN(CC2)C3=NC=NC4=CC(=C(C=C43)OC)OCCCN5CCCCC5	Tandutinib
C[C@@H]1CN(C(=O)C2=C(C(=CC=C2)NC(=O)C3=CC=NC=C3)O[C@H]1CN(C)CC4=CC=C(C=C4)OC5=CC=CC=C5)C(C)C	SCHEMBL12474870
CN1C2=C(C=C(C=C2)OC3=CC(=NC=C3)C4=NC=C(N4)C(F)(F)F)N=C1NC5=CC=C(C=C5)C(F)(F)F	RAF265
CC1=CC=C(C=C1)C(C2=C(C3=C(C=CC=N3)C=C2)O)NC(=O)C4=CC=CC=C4	TCMDC-125552
CC(C)(CCC[C@@](CC(=O)OC)(C(=O)O[C@H]1[C@H]2C3=CC4=C(C=C3CCN5[C@@]2(CCC5)C=C1OC)OCO4)O)O	homoharringtonine
CC(C1=CC=CC=C1)NC2=NC(=NC3=CC=CC=C32)N4CCCC4	importazole
CN1C=C(C2=CC=CC=C21)/C=C\3/C4=C(C=CC=N4)NC3=O	GW 441756
C[C@@H](C(=O)N[C@H]1C2=CC=CC=C2CCN(C1=O)C)NC(=O)[C@H](C(C)C)O	Semagacestat
CCOC1=CC=CC=C1C2CC(=O)NC3=CC4=C(C=C23)OCO4	fqi1
CCC1=NC(=C(S1)C2=CC(=NC=C2)NC(=O)C3=CC=CC=C3)C4=CC(=CC=C4)C	TAK-715
CC1=C(N=CN1)CSCCNC(=NC)NC#N	cimetidine
CC[C@@]1(C2=C(COC1=O)C(=O)N3CC4=C(C3=C2)N=C5C=CC(=C(C5=C4)CN(C)C)O)O	topotecan
CCOC1=CC=CC=C1NN=C2C(=NN(C2=O)C3=NC(=CS3)C4=CC=CC=C4)C	BAM7
COC(=O)/C=C/C(=O)N(CCCCNCC1=CC=C(C=C1)COC(=O)NC2=CC=CC3=CC=CC=C32)O	METHYLSTAT
CC1=C(C=C(C=C1)NC(=O)C2=CC=C(C=C2)CN3CCN(CC3)C)NC4=NC=CC(=N4)C5=CN=CC=C5	Imatinib
COC1=CC(=C(C(=C1NS(=O)(=O)C2(CC2)C[C@@H](CO)O)NC3=C(C=C(C=C3)I)F)F)F	Refametinib
CCCCCCN(CCCCCC)C(=O)CC1=C(NC2=CC=CC=C21)C3=CC=C(C=C3)F	FGIN-1-27
CC1=CC(=C(C(=O)N1)CNC(=O)C2=C3C=NN(C3=CC(=C2)C4=CN=C(C=C4)N5CCNCC5)C(C)C)C	SCHEMBL12180851
CCN1CCN(CC1)C(C2=CC=C(C=C2)C(F)(F)F)C3=C(C4=C(C=CC=N4)C=C3)O	ML311
CC1CC2C3CCC4=CC(=O)C=CC4(C3(C(CC2(C1(C(=O)CO)O)C)O)F)C	Valisone
CC1=C(C=C(C(=C1)OC)C(=O)N2CCN(CC2)C(=O)C)SC3=CN=C(S3)NC(=O)C4=CC=C(C=C4)CNC(C)C(C)(C)C	BMS-509744
C1=CC(=CC(=C1)O)C2=NC3=C(N=C2C4=CC(=CC=C4)O)N=C(N=C3N)N	TG100-115
CCNC(=O)C1=C(/C(=C/2\C=C(C(=CC2=O)O)C(C)C)/ON1)C3=CC=C(C=C3)CN4CCOCC4	Luminespib
C=CCNC1=C(C(=O)C2=CC=CC=C2C1=O)Cl	2-(allylamino)-3-chloronaphthoquinone
CC1=C(SC(=O)N1C)C2=NC(=NC=C2)NC3=CC=C(C=C3)N4CCNCC4	851439-14-0
C1C2CC3CC1CC(C2)(C3)C4=C(C=CC(=C4)C5=CC6=C(C=C5)C=C(C=C6)C(=O)O)O	125316-60-1
C[C@H]1[C@@H]([C@H]([C@H]([C@@H](O1)OC2=C(OC3=CC(=CC(=C3C2=O)O)O)C4=CC=C(C=C4)O)O)OC(=O)C)OC(=O)C	77307-50-7
CC1=NN(C(=O)C1=NNC2=CC=CC=C2C(=O)O)C3=NC(=CS3)C4=CC=CC=C4	2-{2-[3-methyl-5-oxo-1-(4-phenyl-1,3-thiazol-2-yl)-1,5-dihydro-4H-pyrazol-4-ylidene]hydrazino}benzoic acid
CC1(CCN(CC1)C2=CC=C(C=C2)C(=O)NS(=O)(=O)C3=CC(=C(C=C3)NCCSC4=CC=CC=C4)[N+](=O)[O-])C	SZ4TA2
CC1=C(C=CC=C1C(F)(F)F)CN2C(=NC3=C2C=C(C=C3C(=O)O)N4CCOCC4)C	GSK2636771
CCC1=C(C(=NC(=N1)N)N)C2=CC=C(C=C2)Cl	pyrimethamine
C1CCN(C1)C(=O)NC2=CC=CC(=C2)NC3=NC=C(C(=N3)NCCCNC(=O)C4=CC=CS4)I	702675-74-9
CC1=CN=C(N=C1NC2=CC(=CC=C2)S(=O)(=O)NC(C)(C)C)NC3=CC=C(C=C3)OCCN4CCCC4	Fedratinib
CCC1=C(C=C2C(=C1)C(=O)C3=C(C2(C)C)NC4=C3C=CC(=C4)C#N)N5CCC(CC5)N6CCOCC6	Alectinib
CC1=CC=C(C=C1)N2C(=CC(=N2)C(C)(C)C)NC(=O)NC3=CC=C(C4=CC=CC=C43)OCCN5CCOCC5	Doramapimod
CC(=O)N1CCC(CC1)C(=O)NC2=C(C=CC(=C2)C3=CC=CS3)N	SCHEMBL13833318
C1=CC=C(C=C1)CCN=C(N)N=C(N)N	PHENFORMIN
C1=CC=C2C(=C1)C=CC(=C2SSC3=C(C=CC4=CC=CC=C43)O)O	IPA-3
CCC(=O)N(C)C1=CC=C(C=C1)NC2=NC3=C(C(=N2)NC4CCCN(C4)C(=O)C=C)NC=N3	N-methyl-N-[4-[[6-[[1-(1-oxoprop-2-enyl)-3-piperidinyl]amino]-7H-purin-2-yl]amino]phenyl]propanamide
CC(C)(C)C1=CC2=C(C=C1)C=C(C(=C2)C#N)C#N	32703-82-5
CC1=C(C=C(C=C1)C(=O)NC2=CC(=CC(=C2)C(F)(F)F)NC(=O)C=C)NC(=O)C3=CC=NO3	N-[2-methyl-5-[oxo-[3-(1-oxoprop-2-enylamino)-5-(trifluoromethyl)anilino]methyl]phenyl]-5-isoxazolecarboxamide
CC(C)C[C@@H](C(=O)N[C@@H](CC1=CC=CC=C1)C(=O)N)NC(=O)[C@H](CC2=CC=CC=C2)C[C@H]([C@H](CC3=CC=CC=C3)NC(=O)OC(C)(C)C)O	L-685458
C1CN(CCN(C1)S(=O)(=O)C2=CC=CC(=C2)N)S(=O)(=O)C3=CC4=C(C=C3)OCCO4	DASA-58
CN1C2=C(C=C(C=C2)N(CCCl)CCCl)N=C1CCCC(=O)O	Bendamustine
CC1=CC2=C(C=C1)N=C(C3=NC=C(N23)C)NCCN	445430-58-0
CC1=CC=C(C=C1)C(=O)NCCCCCC(=O)NC2=C(C=C(C=C2)F)N	N-[6-(2-amino-4-fluoroanilino)-6-oxohexyl]-4-methylbenzamide
C1=CC(=CC(=C1)C(=O)N)C2=CC(=NC=N2)NC3=CC=C(C=C3)OC(F)(F)F	GNF-2
CN(C)C(=O)N1C(=NN=N1)CC2=CC=C(C=C2)C3=CC=CC=C3	LY2183240
CC1[C@@H]([C@H]([C@@H]([C@@H](O1)OCC2[C@H]([C@H]([C@@H]([C@@H](O2)O[C@H]3CC[C@]4(C(C3(C)C)CC[C@@]5(C4CC=C6[C@]5(C[C@H]([C@@]7(C6CC([C@H](C7)OC(=O)/C(=C/CC[C@@](C)(C=C)O[C@H]8[C@H]([C@@H]([C@@H](C(O8)C)OC(=O)/C(=C/CCC(C)(C=C)O)/CO)O)O)/CO)(C)C)C(=O)O[C@H]9[C@H]([C@@H]([C@@H](C(O9)CO)O)O)O[C@H]1[C@H]([C@@H]([C@H](C(O1)C)O[C@H]1[C@H]([C@H]([C@@H](O1)CO)O)O)O[C@H]1[C@H]([C@@H]([C@@H](C(O1)CO)O)O)O)O)O)C)C)C)NC(=O)C)O)O)O[C@H]1[C@H]([C@@H]([C@@H](CO1)O)O)O)O)O	BRD-A15100685-001-01-8
CC1=[N+](C2=C(N1CCOC)C(=O)C3=CC=CC=C3C2=O)CC4=NC=CN=C4	Sepantronium
COC1=C(C=C2C(=C1)N=CN=C2NC3=CC(=C(C=C3)F)Cl)OCCCN4CCOCC4	Gefitinib
CC1=C2[C@H](C(=O)[C@@]3([C@H](C[C@@H]4[C@]([C@H]3[C@@H]([C@@](C2(C)C)(C[C@@H]1OC(=O)[C@@H]([C@H](C5=CC=CC=C5)NC(=O)OC(C)(C)C)O)O)OC(=O)C6=CC=CC=C6)(CO4)OC(=O)C)O)C)O	docetaxel
CC1=CN=C(N1)C2=CN=C(N=C2C3=C(C=C(C=C3)Cl)Cl)NCCNC4=NC=C(C=C4)C#N	CHIR-99021
C1C[C@@H](C2=C(C1)C3=C(N2)C=CC(=C3)Cl)C(=O)N	848193-68-0
CC(=O)CCCCC[C@@H](C(=O)NC1CCCCN1C)C(=O)NC2=NC(=CS2)C3=CC=CC=C3	LSM-36779
CC(C)(C)C1=CC=C(C=C1)S(=O)(=O)NCC2=CC=C(C=C2)C(=O)NC3=CN=CC=C3	STF-31
CC[C@@]1(C2=C(COC1=O)C(=O)N3CC4=CC5=CC=CC=C5N=C4C3=C2)O	camptothecin
CCC1=C[C@H]2C[C@@](C3=C(CN(C2)C1)C4=CC=CC=C4N3)(C5=C(C=C6C(=C5)[C@]78CCN9[C@H]7[C@@](C=CC9)([C@H]([C@@]([C@@H]8N6C)(C(=O)OC)O)OC(=O)C)CC)OC)C(=O)OC	vinorelbine
C1=CC=C(C=C1)NC(=O)C2=CC(=CC=C2)C(=O)NO	CHEMBL2381520
C1=CC=C2C(=C1)C(=CC=N2)CNC3=C(SC=C3)C(=O)NC4=CC=C(C=C4)OC(F)(F)F	OSI-930
C1=CC=C2C(=C1)C3=NC4=NON=C4N=C3C2=O	67200-34-4
C1C[C@@H](CNC1)NC(=O)C2=C(C=C(S2)C3=CC(=CC=C3)F)NC(=O)N	AZD7762
COC(=O)CNC(=O)C(=O)OC	DMOG
CN1C=NC2=C1C=C(C(=C2F)NC3=C(C=C(C=C3)Br)Cl)C(=O)NOCCO	Selumetinib
CCOC(=O)N[C@@H]1CC[C@@H]2[C@@H](C1)C[C@@H]3[C@H]([C@H]2/C=C/C4=NC=C(C=C4)C5=CC(=CC=C5)F)[C@H](OC3=O)C	Vorapaxar
CC(C)(C#N)C1=CC=C(C=C1)N2C3=C4C=C(C=CC4=NC=C3N(C2=O)C)C5=CC6=CC=CC=C6N=C5	dactolisib
CC1=CC2=C(N1)C=CC(=C2F)OC3=NC=NC4=CC(=C(C=C43)OC)OCCCN5CCCC5	Cediranib
CC1=C2C(=C(N(C1=O)C)NC3=C(C=C(C=C3)I)F)C(=O)N(C(=O)N2C4=CC(=CC=C4)NC(=O)C)C5CC5	Trametinib
C1=CC2=C(/C(=C/3\C4=C(C=C(C=C4)Br)NC3=O)/N=C2C=C1)NO	667463-62-9
CCNC(=O)C[C@H]1C2=NN=C(N2C3=C(C=C(C=C3)OC)C(=N1)C4=CC=C(C=C4)Cl)C	1260907-17-2
C/C=C/C/C=C/CCC(=O)[C@@H]1[C@@H](O1)C(=O)N	cerulenin
CC1CC(CN(C1)C2=CC(=C3C4=C(C5=CC=CC=C5C3=O)ON=C24)NC6=CC=CC=C6C(=O)O)C	CHEMBL2206358
C1CCN(C1)CC2CC(C2)N3C=C(C4=C3N=CN=C4N)C5=CC(=CC=C5)OCC6=CC=CC=C6	NVP-ADW742
CN1CCN(CC1)C2CCN(CC2)C(=O)C3=CC(=C(C=C3)NC4=NC=C5C(=N4)N(C6=CC=CC=C6C(=O)N5C)C)OC	LRRK2-IN-1
CC(C)N1C=NC2=C1N=C(N=C2NCC3=CC=CC=C3)NCCO	N9-ISOPROPYL-OLOMOUCINE
C=CC(=O)NC1=C(C=C2C(=C1)C(=NC=N2)NC3=CC(=C(C=C3)F)Cl)OCCCN4CCOCC4	Canertinib
CC1(CCC(C2=C1C=CC(=C2)[C@H](C(=O)NC3=C(C=C(C=C3)C(=O)O)F)O)(C)C)C	bms270394
C1CCC(CC1)N2C=NC3=C2N=C(N=C3NC4=CC=C(C=C4)N5CCOCC5)OC6=CC=CC7=CC=CC=C76	Purmorphamine
CC1=C2C(=CN=C1)C=CC=C2S(=O)(=O)N[C@@H]3C[C@H](NC3)CNC(=O)C	CHEMBL2203525
CC1=C(C=C(C=C1)C(=O)NC2=CC(=C(C=C2)CN3CCN(CC3)C)C(F)(F)F)C#CC4=CN=C5N4N=CC=C5	PONATINIB
C1CN(CCN1C2=NC=NC3=C2OC4=CC=CC=C43)C(=S)NCC5=CC6=C(C=C5)OCO6	Amuvatinib
CC(C)(C(=O)NCC(C(F)(F)F)(F)F)C(=O)N[C@H]1C2=CC=CC=C2C3=CC=CC=C3NC1=O	RO4929097
CN(C(=O)[C@@H]1[C@H]([C@]2([C@@]([C@@H]1O)(C3=C(C=C(C=C3O2)OC)OC)O)C4=CC=C(C=C4)OC)C5=CC=CC=C5)OC	SCHEMBL12182311
C[C@]12CC[C@H](C[C@@H]1CC[C@@H]3[C@@H]2CC[C@]4([C@H]3C[C@@H](C4=O)Br)C)O	16beta-Bromoandrosterone
CC(C)(C)NCC(=O)NC1=C(C2=C(C[C@H]3C[C@H]4[C@@H](C(=O)C(C(=O)[C@]4(C(=O)C3C2=O)O)C(=O)N)N(C)C)C(=C1)N(C)C)O	(4S,4aS,5aR,12aS)-9-[[2-(tert-butylamino)-1-oxoethyl]amino]-4,7-bis(dimethylamino)-10,12a-dihydroxy-1,3,11,12-tetraoxo-4,4a,5,5a,6,11a-hexahydrotetracene-2-carboxamide
C[C@@H]1CC[C@H]2C[C@@H](/C(=C/C=C/C=C/[C@H](C[C@H](C(=O)[C@@H]([C@@H](/C(=C/[C@H](C(=O)C[C@H](OC(=O)[C@@H]3CCCCN3C(=O)C(=O)[C@@]1(O2)O)[C@H](C)C[C@@H]4CC[C@H]([C@@H](C4)OC)OC(=O)C(C)(CO)CO)C)/C)O)OC)C)C)/C)OC	Temsirolimus
CC1=C(SC(=N1)NC(=O)C)C2=CC(=C(C=C2)Cl)S(=O)(=O)NCCO	PIK-93
C1C/C(=N/O)/C2=C1C=C(C=C2)C3=CN(N=C3C4=CC=NC=C4)CCO	GDC-0879
CC1=C(C(=O)N(C2=NC(=NC=C12)NC3=NC=C(C=C3)N4CCNCC4)C5CCCC5)C(=O)C	Palbociclib
C[C@@]1(CN(C[C@@]1(C)CO)C2=NC=C(C(=C2)C(=O)NC3=CC4=C(CCC5=C4N(N=C5C(=O)N)C6=CC=C(C=C6)F)C=C3)Cl)CO	PF 184
C1=CC2=NC(=CN2C=C1)C3=CC(=CC=C3)NC(=O)C4=CC5=C(C(=CC=C5)O)OC4=O	1170689-68-5
CC1=C(OC2=C1C3=CC=CC=C3C=C2)[N+](=O)[O-]	NAPHTHO(2,1-b)FURAN, 1-METHYL-2-NITRO-
CCOC(=O)C1=C(SC2=C1CC(NC2(C)C)(C)C)NC(=O)C3=CC=C(S3)[N+](=O)[O-]	ethyl 5,5,7,7-tetramethyl-2-(5-nitrothiophene-2-carboxamido)-4,5,6,7-tetrahydrothieno[2,3-c]pyridine-3-carboxylate
C1CCC(CC1)NC(=O)C(C2=CC=CC=C2Cl)N(C3=CC(=CC=C3)F)C(=O)CC4=CC=CS4	SCHEMBL10183194
C1=CC=C(C(=C1)C(=O)C2=CC(=C(N2C3=C(NC(=C3Cl)Cl)C(=O)C4=CC=CC=C4O)Cl)Cl)O	Marinopyrrole A
COC1=CC2=C(C=CN=C2C=C1OC)OC3=CC=C(C=C3)NC(=O)C4(CC4)C(=O)NC5=CC=C(C=C5)F	Cabozantinib
C1=CC(=CC=C1/C=C/C(=O)NO)C(=O)NNC=C2C=CC(=O)C(=C2O)O	(E)-3-[4-[[(2,3-dihydroxy-4-oxocyclohexa-2,5-dien-1-ylidene)methylamino]carbamoyl]phenyl]-N-hydroxyprop-2-enamide
CN(C1=C(C=CC=N1)CNC2=NC(=NC=C2C(F)(F)F)NC3=CC4=C(C=C3)NC(=O)C4)S(=O)(=O)C	PF-562271
CC(C)[C@@H](C1=CC=CC=C1)C(=O)NC2=CC=C(C=C2)C(=O)NO	AR-42
CN(C1CCS(=O)(=O)C1)C(=O)COC(=O)/C=C/C2=CC(=CC=C2)[N+](=O)[O-]	749872-43-3
C1CNCCC1NC(=O)C2=C(C=NN2)NC(=O)C3=C(C=CC=C3Cl)Cl	AT7519
C1COCCN1C2=NC(=NC(=N2)N3C4=CC=CC=C4N=C3C(F)F)N5CCOCC5	ZSTK474
C1=CC(=CC=C1C2=C(C=NN2)C=C3C(=O)N(C(=N)S3)C4=NC=CS4)F	TCMDC-123515
CCCCCCCCCCC(C)(C)C(=O)NC1=C(C=C(C=C1OC)OC)OC	CI 976
C[As](C)SC[C@@H](C(=O)NCC(=O)O)NC(=O)CC[C@@H](C(=O)O)N	Darinaparsin
C1=C(SC(=C1)C2=CC=C(O2)C3=CC=C(S3)CO)CO	RITA
C1=CC(=C(C=C1[N+](=O)[O-])Cl)NC(=O)C2=C(C=CC(=C2)Cl)O	niclosamide
C1=CC=C2C(=C1)C(=CN2)CCNC3=CC=C(C=C3)NC4=CC=NC=C4	Serdemetan
CC1=CN=C(C(=N1)OC)NS(=O)(=O)C2=C(N=CC=C2)C3=CC=C(C=C3)C4=NN=CO4	Zibotentan
C1=CC2=C(C=CC(=C2)/C=C\3/C(=O)N=C(S3)NCC4=CC=CS4)N=C1	Ro-3306
C1=CC=C2C(=C1)C=CC3=C2C=CC(=C3)C4=CC(=NN4C5=CC=C(C=C5)NC(=O)CN)C(F)(F)F	OSU-03012
C1CC2=CC=CC=C2[C@H]1NC3=NC=NC4=C3C=CN4[C@@H]5C[C@H]([C@H](C5)O)COS(=O)(=O)N	Pevonedistat
CC(C)C[C@H]1C2=C(C[C@@H]3N1C(=O)[C@@H](NC3=O)CCC(=O)OC(C)(C)C)C4=C(N2)C=C(C=C4)OC	461054-93-3
C1C=CC2C1C(NC3=CC=CC=C23)C4=CC5=C(C=C4Br)OCO5	4-(6-bromo-1,3-benzodioxol-5-yl)-3a,4,5,9b-tetrahydro-3H-cyclopenta[c]quinoline
CN(CCOC1=C(C=C(C=C1OC)/C=C/C(=O)N2C(=O)C=CCC2)OC)CCOC3=C(C=C(C=C3OC)/C=C/C(=O)N4C(=O)C=CCC4)OC	SCHEMBL15444220
CCC[C@H]1C[C@H](C[C@@H](C[C@@H]2C[C@H](C[C@@H](O2)CC(=O)O1)OC(=O)/C=C\CCC3=COC(=N3)/C=C\CNC(=O)OC)C)OC	Neopeltolide
CS(=O)(=O)N1CCN(CC1)CC2=CC3=C(S2)C(=NC(=N3)C4=C5C=NNC5=CC=C4)N6CCOCC6	957054-30-7
CC(C)(CCC1=C2C(=C(C=C1)O)C(=O)C3=C(C4=C(C=C3O2)O[C@@H]5[C@]4(C=CO5)O)O)O	Austocystin D
CC1=C2[C@H](C(=O)[C@@]3([C@H](C[C@@H]4[C@](C3[C@@H]([C@@](C2(C)C)(C[C@@H]1OC(=O)[C@@H]([C@H](C5=CC=CC=C5)NC(=O)C6=CC=CC=C6)O)O)OC(=O)C7=CC=CC=C7)(CO4)OC(=O)C)O)C)OC(=O)C	paclitaxel
C[C@H]1C[C@@H]2[C@H]([C@H]([C@]3(O2)CC[C@H]4[C@@H]5CC=C6C[C@H](CC[C@@]6([C@H]5CC4=C3C)C)O)C)NC1	CYCLOPAMINE
CCN1CCN(CC1)CC(=O)NC2=C3C4=CC=CC=C4SC3=C(C=C2)C5=CC=CC6=C5OC(=CC6=O)N7CCOCC7	KU-0060648
CCCC1=CC2=C(N=CN=C2S1)N3CCN(CC3)C4=NCC(S4)(C)C	MI-2
CC(=O)N(C1=CC=C(C2=CC=CC=C21)OC(=O)C)S(=O)(=O)C3=CC(=C(C=C3)OC)[N+](=O)[O-]	SMR000198998
C1=CN(C(=O)N=C1N)[C@H]2C([C@@H]([C@H](O2)CO)O)(F)F	gemcitabine
COC1=CC2=NC=CC(=C2C=C1C(=O)N)OC3=CC(=C(C=C3)NC(=O)NC4CC4)Cl	Lenvatinib
C1=CC(=CC=C1OCCCCCCN=C(NC#N)NC2=CC=NC=C2)Cl	200484-11-3
C1CN(CCC12C(=O)NCN2C3=CC=CC=C3)CCNC(=O)C4=CC5=CC=CC=C5C=C4	CAY10594
C1CC1C(=O)NC2=NNC3=C2C=CC(=C3)C4=CC(=CC=C4)C(=O)NC5CC5	N-cyclopropyl-3-[3-[[cyclopropyl(oxo)methyl]amino]-1H-indazol-6-yl]benzamide
C[C@H]1CN(C(=O)C2=C(C=CC(=C2)NS(=O)(=O)C3=CN(C=N3)C)O[C@H]1CN(C)CC4CC4)[C@H](C)CO	N-[(2R,3S)-2-[[cyclopropylmethyl(methyl)amino]methyl]-5-[(2R)-1-hydroxypropan-2-yl]-3-methyl-6-oxo-3,4-dihydro-2H-1,5-benzoxazocin-8-yl]-1-methyl-4-imidazolesulfonamide
C1CC=C(C1)C(=O)NC2=C(C=CC(=C2)C3=CC=CS3)N	SCHEMBL13737661
CC(C)(C)C1=NC(=C(S1)C2=NC(=NC=C2)N)C3=C(C(=CC=C3)NS(=O)(=O)C4=C(C=CC=C4F)F)F	Dabrafenib
CC(C)(C1=NC(=CC=C1)N2C3=NC(=NC=C3C(=O)N2CC=C)NC4=CC=C(C=C4)N5CCN(CC5)C)O	MK-1775
CCN(CCCOC1=CC2=C(C=C1)C(=NC=N2)NC3=NNC(=C3)CC(=O)NC4=CC(=CC=C4)F)CCO	722544-51-6
C[C@@H]1CN(C(=O)C2=C(C=CC(=C2)NC(=O)NC(C)C)O[C@H]1CN(C)S(=O)(=O)C3=CC=C(C=C3)Cl)[C@H](C)CO	CHEMBL2356172
C1CN(P(=O)(OC1)NCCCl)CCCl	ifosfamide
CN1CCN(CC1)CC(=O)N(C)C2=CC=C(C=C2)N/C(=C\3/C4=C(C=C(C=C4)C(=O)OC)NC3=O)/C5=CC=CC=C5	Nintedanib
C1=CC2=C(C=C1Cl)C(=O)C3=NC(=C(N=C23)C#N)C#N	924296-39-9
COC1=C(C=C(C=C1)C2=CC3=NC=CN3C(=N2)NC4=C(C=CC=N4)C(=O)N)OC.Cl.Cl	648903-57-5
C1OC2=C(O1)C=C3C(=C2)C(=O)C=C(N3)C4=CC=CC=C4F	CHM-1
CC1=CC(=C(N1CC2=CC=CC=C2)C)C(=O)CN3C(=O)CCC3=O	852230-33-2
C[C@@H]1CN(S(=O)(=O)C2=C(C=C(C=C2)C#CCC(C)C)O[C@H]1CN(C)C(=O)C3=NC=CN=C3)[C@H](C)CO	N-[[(4R,5R)-2-[(2R)-1-hydroxypropan-2-yl]-4-methyl-8-(4-methylpent-1-ynyl)-1,1-dioxo-4,5-dihydro-3H-6,1$l^{6},2-benzoxathiazocin-5-yl]methyl]-N-methyl-2-pyrazinecarboxamide
C[C@@H]1CN(C[C@@H](O1)C)C2=NC3=C(C=CC(=N3)C4=CC(=C(C=C4)OC)CO)C(=N2)N5CCOCC5	Ku-0063794
CN(C)CCCNC1=NC(=NC2=CC=CC=C21)CN3CCN(CC3)C(C4=CC=C(C=C4)Cl)C5=CC=C(C=C5)Cl	SCH 529074
C1CN(CCN1)C(=O)C2=CC=C(C=C2)/C=C/C3=NNC4=CC=CC=C43	KW-2449
C[C@H]1CCC[C@@]2([C@@H](O2)C[C@H](OC(=O)C[C@@H](C(C(=O)[C@@H]([C@H]1O)C)(C)C)O)/C(=C/C3=CSC(=N3)C)/C)C	Epothilone B
C1=CC(=CC=C1CC2=CC=C(C=C2)[As](=O)(O)O)[As](=O)(O)O	NSC48300
C1=CC(=CC(=C1)Cl)NC2=NC=CC(=N2)C3=CC(=NC=C3)NCCCO	CGP60474
CC1=CC(=CC(=C1)OCC2=CC=C(C=C2)CN3CCC[C@@H]3CO)CS(=O)(=O)C4=CC=CC=C4	PF-543
COC1=CC(=CC(=C1)C2=CC3=C4C(=CN=C3C=C2)C=CC(=O)N4C5=CC(=C(C=C5)N6CCNCC6)C(F)(F)F)OC	9-(3,5-dimethoxyphenyl)-1-[4-(1-piperazinyl)-3-(trifluoromethyl)phenyl]-2-benzo[h][1,6]naphthyridinone
COC1=CC=C(C=C1)C(=O)CC2(C3=C(C=CC(=C3NC2=O)Cl)Cl)O	YK-4-279
CCCCCCCCC1=CC=C(C=C1)C2=CC=C(C=C2)C(=O)O	59662-49-6
CC(C)CC(=O)NC1=NNC2=C1CN(C2(C)C)C(=O)C3CCN(CC3)C	PHA-793887
C1CN(CCC1CCCCNC(=O)/C=C/C2=CN=CC=C2)C(=O)C3=CC=CC=C3	Daporinad
CCCCC(C=O)NC(=O)[C@H](CC(C)C)NC(=O)[C@@H](CC(C)C)NC(=O)OCC1=CC=CC=C1	Z-LLNle-CHO
CC[C@@H](C)[C@H]1C(=O)N2CCCC[C@@H]2C(=O)N[C@H](C(=O)N[C@H](C(=O)N1)CC3=CN(C4=CC=CC=C43)OC)CCCCCC(=O)CC	(3S,6S,9S,12R)-3-[(2R)-butan-2-yl]-6-[(1-methoxy-3-indolyl)methyl]-9-(6-oxooctyl)-1,4,7,10-tetrazabicyclo[10.4.0]hexadecane-2,5,8,11-tetrone
CC1=C(SC2=C1C(=N[C@H](C3=NN=C(N32)C)CC(=O)OC(C)(C)C)C4=CC=C(C=C4)Cl)C	1268524-70-4
C1CCN(CC1)S(=O)(=O)C2=CC3=C(C=C2)C4=C(C3=NO)C=C(C=C4)S(=O)(=O)N5CCCCC5	CIL56
C[C@H](C1=CC=CC=C1)NC(=O)C[C@@H]2CC[C@H]([C@@H](O2)CO)NC(=O)CN3CCOCC3	2-[(2S,5R,6R)-6-(hydroxymethyl)-5-[[2-(4-morpholinyl)-1-oxoethyl]amino]-2-oxanyl]-N-[(1R)-1-phenylethyl]acetamide
CN1CCN(CC1)C2=NC3=CC=CC=C3C(=N2)C4=C(C(=O)NC4=O)C5=CNC6=CC=CC=C65	Sotrastaurin
C1CN(CCC1N2C3=CC=CC=C3NC2=O)CCNC(=O)C4=CC5=CC=CC=C5C=C4	ML272
CC(C)CNC1=NC(=NC=C1)NCC2=CSC(=N2)C3=CC=CC=C3	1262770-73-9
C1CC1NC(=O)C2=NOC(=C2)C3=CC=CS3	832115-62-5
C[C@@H]1CN(C[C@@H](O1)C)CC(=O)NC2=CC3=C(C=C2)SC4=C(C=CC=C4C3)C5=CC(=O)C=C(O5)N6CCOCC6	KU-60019
CCCCCCCC(=O)O[C@H]1[C@H]2C(=C([C@@H]1OC(=O)/C(=C\C)/C)C)[C@H]3[C@]([C@H](C[C@]2(C)OC(=O)C)OC(=O)CCC)([C@](C(=O)O3)(C)O)O	thapsigargin
C[C@]12CC[C@@H]3[C@H]4CC[C@@H](C[C@@H]4CC[C@H]3[C@@H]1CC=C2C5=CC6=C(C=C5)C=NC=C6)N(C)C	SCHEMBL11942935
C[C@H]1CN(C(=O)CC2=C(C=CC(=C2)NC(=O)CCC(F)(F)F)O[C@H]1CN(C)S(=O)(=O)C3=CC=C(C=C3)Cl)[C@@H](C)CO	N-[(2R,3S)-2-[[(4-chlorophenyl)sulfonyl-methylamino]methyl]-5-[(2S)-1-hydroxypropan-2-yl]-3-methyl-6-oxo-2,3,4,7-tetrahydro-1,5-benzoxazonin-9-yl]-4,4,4-trifluorobutanamide
CCN(CC)CCNC(=O)C1=C(NC(=C1C)/C=C\2/C3=C(C=CC(=C3)F)NC2=O)C	Sunitinib
COC1=CC=C(C=C1)[C@]23[C@@H]([C@H]([C@H]([C@]2(C4=C(C=C(C=C4O3)OC)OC)O)O)C(=O)NOC)C5=CC=CC=C5	CHEMBL2058177
CC1=C2C=C(C=CC2=NN1)C3=CC(=CN=C3)OC[C@H](CC4=CNC5=CC=CC=C54)N	A-443654
CC1=C(NC(=C1C(=O)N2CCN(CC2)C)C)/C=C\3/C4=C(C=CC(=C4)S(=O)(=O)N(C)C5=CC(=CC=C5)Cl)NC3=O	SU11274
CC(=O)NC1=CC=C(C=C1)C(=O)NC2=C(C=CC(=C2)C3=CC=CS3)N	BRD-6929
C1CC(CCC1CCC(=O)O)(C2=C(C=CC(=C2)F)F)S(=O)(=O)C3=CC=C(C=C3)Cl	MK-0752
CC(C)(C)OC(=O)CN(CC1=CC=C(C=C1)Cl)CC2=CC=C(S2)[N+](=O)[O-]	GSK4112
CN(C)NN=C1C(=NC=N1)C(=O)N	dacarbazine
CN(C)CC1CN(C1)C(=O)NC2=C(C=CC(=C2)C3=CC=C(C=C3)F)N	SCHEMBL13741284
C1=CC=C2C(=C1)C3=CC=CC=C3N2CCC4=NC5=CC=CC=C5N4	9-[2-(1H-benzimidazol-2-yl)ethyl]carbazole
CC(C)S(=O)(=O)C1=CC=CC=C1NC2=CC(=NC3=C2C=CN3)NC4=C(C=C(C=C4)N5CCC(CC5)O)OC.Cl.Cl	Mps1-IN-1 (dihydrochloride)
CC1=CC=C(C=C1)S(=O)(=O)OCC(=O)NC2=CC(=C(C=C2)C(=O)O)O	501919-59-1
CC1=C(C(=CC=C1)C)OC(=O)N(C2=C(C=C(C=C2)OC)OC)C3=NC(=NC=C3)NC4=CC=C(C=C4)N5CCN(CC5)C	WH-4-023
B([C@H](CC(C)C)NC(=O)CNC(=O)C1=C(C=CC(=C1)Cl)Cl)(O)O	Ixazomib
CC1=[N+](C2=C(N1CCOC)C(=O)C3=CC=CC=C3C2=O)CC4=NC=CN=C4.[Br-]	Sepantronium bromide
C[C@@H]1OC[C@@H]2[C@@H](O1)[C@@H]([C@H]([C@@H](O2)O[C@H]3[C@H]4COC(=O)[C@@H]4[C@@H](C5=CC6=C(C=C35)OCO6)C7=CC(=C(C(=C7)OC)O)OC)O)O	etoposide
CC[C@@H]1C(=O)N(C2=CN=C(N=C2N1C3CCCC3)NC4=C(C=C(C=C4)C(=O)NC5CCN(CC5)C)OC)C	BI 2536
CC1CC(=O)N(C2=CN=C(N=C2N1C3CCCC3)NC4=C(C=C(C=C4)C(=O)NC5CCN(CC5)C)OC)C	4-[(9-cyclopentyl-5,8-dimethyl-6-oxo-7,8-dihydropyrimido[4,5-b][1,4]diazepin-2-yl)amino]-3-methoxy-N-(1-methyl-4-piperidinyl)benzamide
CN1C=C(C2=CC=CC=C21)C3=C(C(=O)NC3=O)C4=C(C=C(C=C4)Cl)Cl	280744-09-4
C/C=C/C1=CC2=C(C=C1)S(=O)(=O)N(C[C@@H]([C@@H](O2)CN(C)C(=O)C3=CC=CC=C3)C)[C@@H](C)CO	CHEBI:119735
C[C@@H]1CN(C(=O)C2=C(C(=CC=C2)NC(=O)C3=CC=NC=C3)O[C@H]1CN(C)CC4=CC5=C(C=C4)OCO5)[C@H](C)CO	CHEMBL2143553
C[C@H]1CN(C(=O)CC2=C(C=CC(=C2)NC(=O)C3=CC=NC=C3)O[C@@H]1CN(C)C(=O)NC4=CC=CC5=CC=CC=C54)[C@H](C)CO	N-[(2S,3S)-5-[(2R)-1-hydroxypropan-2-yl]-3-methyl-2-[[methyl-[(1-naphthalenylamino)-oxomethyl]amino]methyl]-6-oxo-2,3,4,7-tetrahydro-1,5-benzoxazonin-9-yl]-4-pyridinecarboxamide
C1CC1C(=O)N2CCN(CC2)C(=O)C3=C(C=CC(=C3)CC4=NNC(=O)C5=CC=CC=C54)F	Olaparib
C[C@H]1CN(C(=O)CC2=C(C=CC(=C2)NC(=O)CCN3CCOCC3)O[C@H]1CNC)[C@H](C)CO	N-[(2R,3S)-5-[(2R)-1-hydroxypropan-2-yl]-3-methyl-2-(methylaminomethyl)-6-oxo-2,3,4,7-tetrahydro-1,5-benzoxazonin-9-yl]-3-(4-morpholinyl)propanamide
C1=C(C=C(C(=C1O)O)O)C2=C(C(=O)C3=C(C=C(C=C3O2)O)O)O	myricetin
C1=CC=C(C(=C1)C2=CC3=C(C4=C(N3)C=CC(=C4)O)C5=C2C(=O)NC5=O)Cl	Wee1 Inhibitor
C[C@H]1CN(C(=O)C2=C(C=CC(=C2)NC(=O)CC3=CN(C4=CC=CC=C43)C)O[C@@H]1CN(C)C(=O)NC5CCCCC5)[C@H](C)CO	N-[(2S,3S)-2-[[[(cyclohexylamino)-oxomethyl]-methylamino]methyl]-5-[(2R)-1-hydroxypropan-2-yl]-3-methyl-6-oxo-3,4-dihydro-2H-1,5-benzoxazocin-8-yl]-2-(1-methyl-3-indolyl)acetamide
CCNC1=NC(=NC(=C1)NC2CCC(CC2)O)NC3=CC4=C(C=C3)N(C=C4)CC5=CC=CC=C5	Cdk4/6 Inhibitor IV
C[C@@H]1CN(C(=O)C2=C(C=CC(=C2)NC(=O)NC3=C(ON=C3C)C)O[C@@H]1CN(C)CC4CCCCC4)[C@@H](C)CO	1-[(2S,3R)-2-[[cyclohexylmethyl(methyl)amino]methyl]-5-[(2S)-1-hydroxypropan-2-yl]-3-methyl-6-oxo-3,4-dihydro-2H-1,5-benzoxazocin-8-yl]-3-(3,5-dimethyl-4-isoxazolyl)urea
CC1=CC(=CC2=C1N/C(=C\3/C(=CC=NC3=O)NC[C@H](C4=CC(=CC=C4)Cl)O)/N2)N5CCOCC5	BMS-536924
C[C@H]1C[C@@H]([C@@H]([C@H](/C=C(/[C@@H]([C@H](/C=C\C=C(\C(=O)NC2=CC(=O)C(=C(C1)C2=O)NCC=C)/C)OC)OC(=O)N)\C)C)O)OC	Tanespimycin
CCN1C=C(C(=N1)C2=CC=C(C=C2)NC(=O)N(C)C)C3=C4C=C(NC4=NC=C3)C5=CC(=CC=C5)CN(C)C	GSK1070916
C[C@H]1CN(S(=O)(=O)C2=C(C=C(C=C2)C#CCC3CCCC3)O[C@@H]1CN(C)CC4=CC=C(C=C4)C(=O)O)[C@@H](C)CO	BRD-K62801835-001-01-0
CC1=NC=C(C=C1)OC2=C(C=C(C=C2)NC3=NC=NC4=C3C=C(C=C4)/C=C/CNC(=O)COC)C	CP-724714
C1CNCCC1(C2=CC=C(C=C2)C3=CNN=C3)C4=CC=C(C=C4)Cl	AT7867
CC1=C(C(CCC1)(C)C)C=CC(=CC=CC(=CC(=O)O)C)C	4759-48-2
COC1=C(C=C(C(=C1)N2C(=O)C3=CC=CC=C3NC2=S)Cl)Cl	Mdivi-1
CCOC1=CC=CC=C1C2=CC(=O)NC3=CC4=C(C=C23)OCO4	SCHEMBL12469828
C1=CC=C(C=C1)CN2C(=NC3=CC=CC=C3C2=O)/C=C/C4=CN=CC=C4	RAD51 inhibitor B02
CCC[C@@H](C1=CC=CC=C1)NC(=O)/C(=C/C2=NC(=CC=C2)Br)/C#N	856243-80-6
C[C@H]1CN(C(=O)CC2=C(C=CC(=C2)NS(=O)(=O)C)O[C@H]1CNC)[C@H](C)CO	N-[(2R,3S)-5-[(2R)-1-hydroxypropan-2-yl]-3-methyl-2-(methylaminomethyl)-6-oxo-2,3,4,7-tetrahydro-1,5-benzoxazonin-9-yl]methanesulfonamide
CC1=CC(=CC=C1)NC2=NC(=CS2)C3=CC=NC=C3	STF-62247
CCOC(=O)C1=CC=C(C=C1)N2C(=O)C(=CC3=CC=C(O3)[N+](=O)[O-])C(=O)N2	ethyl 4-[4-[(5-nitrofuran-2-yl)methylidene]-3,5-dioxopyrazolidin-1-yl]benzoate
CC1=C(C=C(N1CCCN2CCOCC2)C3=CC=CC=C3)C(=O)NC4=CC=CC(=C4)C(F)(F)F	HC-067047
C1=CC=C(C(=C1)COC2=C(C=C(C=C2)Br)/C=C/3\C(=O)NC(=S)S3)Br	PRL-3 Inhibitor I
CC1=C(C(=NO1)C2=CC=CC=C2)C3=CC=C(C=C3)S(=O)(=O)N	Valdecoxib
CC1=CC=CC(=N1)C2=NN3CCCC3=C2C4=C5C=C(C=CC5=NC=C4)C(=O)N	Galunisertib
C1=CC=C(C=C1)/C=C/C(=O)NC(C(Cl)(Cl)Cl)NC(=S)NC2=CC=CC3=C2N=CC=C3	salubrinal
CCOC(=O)/C=C\N1N=C(N=N1)C2=CC(=CC=C2)Cl	CHEMBL520231
COC1=NC(=NC2=C1N=CN2[C@H]3[C@H]([C@@H]([C@H](O3)CO)O)O)N	Nelarabine
C1CN(CCC1N2C3=CC=CC=C3NC2=O)CC4=CC=C(C=C4)C5=NC6=CC7=C(C=C6N=C5C8=CC=CC=C8)N=CN7	Akt inhibitor VIII
C1=CC(=C(C=C1I)F)NC2=C(C=CC(=C2F)F)C(=O)NOC[C@@H](CO)O	391210-10-9
COC1=CC=CC2=C/C(=C/3\C4=C(N=CNN4C(=N3)C5CCC(CC5)C(=O)O)N)/N=C21	OSI-027
C=CCC1=CC=CC(=CNNC(=O)CN2CCN(CC2)CC3=CC=CC=C3)C1=O	315183-21-2
C1=CC=C(C=C1)[C@H](COC2=CC3=C(C=C2)NC(=O)N3)NC(=O)C4=CC=CN(C4=O)CC5=CC(=C(C=C5)F)F	PDK1 inhibitor
C[C@H]1[C@H]([C@H](C[C@@H](O1)O[C@H]2C[C@@](CC3=C(C4=C(C(=C23)O)C(=O)C5=C(C4=O)C=CC=C5OC)O)(C(=O)CO)O)N)O	doxorubicin
CC(C)C1=CC=CC=C1CC2=C(C(=C(C(=C2)C(=O)NC3=CC=C(C=C3)S(=O)(=O)C4=CC=CC=C4C(C)(C)C)O)O)O	TW-37
COC1=NC=CN=C1NS(=O)(=O)C2=CC=C(C=C2)NC(=O)/C=C/C3=CC=C(S3)[N+](=O)[O-]	Necrosulfonamide
C1=CC=C2C(=C1)C=CC=C2S(=O)(=O)NC3=NC(=O)/C(=C/C4=CC=C(C=C4)Br)/S3	Pitstop2
C1CC(C2=C(C1)C3=C(N2)C=CC(=C3)Cl)C(=O)N	49843-98-3
COCCOC(=O)N1C2=C(C=C(C=C2)C#CCC(C(=O)OC)C(=O)OC)[C@]3(C1=O)[C@@H]([C@H]4C(=O)O[C@@H]([C@@H](N4[C@@H]3C5=CC=CC=C5OCCO)C6=CC=CC=C6)C7=CC=CC=C7)C(=O)NCC=C	SpOx1_002925
CN(C)C1=CC=CC=C1CN2CCCN(C2C3=CC=NC=C3)CC4=CC=CC=C4N(C)C	GANT61
CNC(=O)C1=NC=CC(=C1)OC2=CC=C(C=C2)NC(=O)NC3=CC(=C(C=C3)Cl)C(F)(F)F	Sorafenib
CC1(CNC2=C1C=CC(=C2)NC(=O)C3=C(N=CC=C3)NCC4=CC=NC=C4)C	Motesanib
CCC1C(=O)N(CC(=O)N(C(C(=O)NC(C(=O)N(C(C(=O)NC(C(=O)N[C@@H](C(=O)N(C(C(=O)N(C(C(=O)N(C(C(=O)N(C(C(=O)N1)[C@@H]([C@H](C)C/C=C/C)O)C)C(C)C)C)CC(C)C)C)CC(C)C)C)C)C)CC(C)C)C)C(C)C)CC(C)C)C)C	cyclosporin A
C1[C@@H]([C@H](O[C@H]1N2C=NC(=NC2=O)N)CO)O	Decitabine
C1CC(C1)(C2=CC=C(C=C2)C3=C(C=C4C(=N3)C=CN5C4=NNC5=O)C6=CC=CC=C6)N	MK-2206
CCC1=CN=CN=C1N2CCN(CC2)CC3=NC4=C(N3)C=C(C=C4)C(F)(F)F	PF-4708671
CN1CCCN(CC1)C2=NC3=CC(=C(C=C3C(=N2)NC4CCN(CC4)C)OC)OCCOCCN(C)C	UNC0321
C[C@@]12[C@@H]([C@@H](C[C@@H](O1)N3C4=CC=CC=C4C5=C6C(=C7C8=CC=CC=C8N2C7=C53)CNC6=O)NC)OC	staurosporine
CCC(=O)OCN1C(=O)C=CC1=O	MIRA-1
CN1CCN(CC1)C2=CC=C(C=C2)NC3=NC=C(C(=N3)SC4=CC=CC(=C4)NC(=O)C=C)Cl	WZ8040
C1CNCCC1N2C=C(C=N2)C3=NC4=C(C=CC=C4N=C3)C5=CC(=C(C(=C5)F)CN6CCOCC6)F	NVP-BSK805
CC1(CCC(C2=CC3=C(C=C21)N=C(C4=CC=CC=C4N3C)C5=CC=C(C=C5)C(=O)O)(C)C)C	LE 135
CCC1=C/C(=C/2\C(=C(NN2)C)C3=CC4=C(C=C3)OCCO4)/C(=O)C=C1O	CCT018159
COC1=CC=C(C=C1)C2(CCOCC2)CNC(=O)C3=CC=C(C=C3)NC(=O)C4=CC=CO4	664993-53-7
CN1CCN(CC1)C2=CC(=C(C=C2)NC3=NC=C(C(=N3)OC4=CC=CC(=C4)NC(=O)C=C)Cl)OC	WZ4002
CN1CCC(CC1)OC2=CC(=C(C=C2)NC3=NC=C4C(=N3)N(C(=O)N4C)C5CCCC5)OC	AZ3146
CC1=CC=C(C=C1)C2=NOC(=N2)CSC3=NN=C(N3C4=CC=C(C=C4)OC)C5=CC=NC=C5	JW74
CC1=CN2C(=O)C=C(N=C2C(=C1)[C@@H](C)NC3=CC=CC=C3C(=O)O)N4CCOCC4	AZD6482
COC1=CC=C(C=C1)/C=C/C(=O)C2=C(C3=CC=CC=C3NC2=O)C4=CC=CC=C4	SCHEMBL18426910
C[C@H](C1=C(C=CC(=C1Cl)F)Cl)OC2=C(N=CC(=C2)C3=CN(N=C3)C4CCNCC4)N	Crizotinib
B(CCSC[C@H](C(=O)O)N)(O)O	(2S)-2-amino-3-(2-boronoethylthio)propanoic acid
CC1(CCC(C2=C1C=CC(=C2)C(=O)NC3=CC=C(C=C3)C(=O)O)(C)C)C	AM580
C1=CSC(=C1)C2=CC(=C(C=C2)N)NC(=O)C3=CC=C(C=C3)C(=O)NCCC4=CC=NC=C4	SCHEMBL2139153
CCN(CC)C1=CC=C(C=C1)C2=NNC(=O)C[C@H]2C	DNMDP-2
CC1=C(C=C(C(=C1)C2=CC=C(O2)C=C3C(=NN(C3=O)C4=CC=C(C=C4)C(=O)O)C)[N+](=O)[O-])C	C646
CC1=CC(=CC2=C1NC(=C3C(=CC=NC3=O)NC[C@H](C4=CC(=CC=C4)Cl)O)N2)N5CCOCC5	BMS-536924
C[C@H]1CN(C(=O)C2=C(C(=CC=C2)NS(=O)(=O)C3=CC=C(C=C3)F)O[C@H]1CN(C)C(=O)NC4CCCCC4)[C@H](C)CO	3-cyclohexyl-1-[[(2R,3S)-10-[(4-fluorophenyl)sulfonylamino]-5-[(2R)-1-hydroxypropan-2-yl]-3-methyl-6-oxo-3,4-dihydro-2H-1,5-benzoxazocin-2-yl]methyl]-1-methylurea
C[C@@H]1C[C@@H]([C@@H]2[C@H](C[C@H]([C@@](O2)(C(=O)C(=O)N3CCCC[C@H]3C(=O)O[C@@H]([C@@H]([C@H](CC(=O)[C@@H](/C=C(/C1)\C)CC=C)O)C)/C(=C/[C@@H]4CC[C@H]([C@@H](C4)OC)O)/C)O)C)OC)OC	tacrolimus
CC1=CC(=C(C(=O)N1)CNC(=O)C2=CC(=CC3=C2C=NN3C(C)C)Br)C	SCHEMBL2586580
C1=CC2=C(C(=C1)NS(=O)(=O)C3=CC=C(C=C3)S(=O)(=O)N)NC=C2Cl	Indisulam
C[C@@H]1CN(C(=O)C2=C(C=CC(=C2)N(C)C)O[C@@H]1CN(C)C(=O)NC(C)C)[C@H](C)CO	1-[[(2S,3R)-8-(dimethylamino)-5-[(2R)-1-hydroxypropan-2-yl]-3-methyl-6-oxo-3,4-dihydro-2H-1,5-benzoxazocin-2-yl]methyl]-1-methyl-3-propan-2-ylurea
COC1=CC=CC2=CC(=C3C4=C(N=CNN4C(=N3)C5CCC(CC5)C(=O)O)N)N=C21	OSI-027
C[C@]1(CCCN1C2=NN3C=CC=C3C(=N2)NC4=NNC(=C4)C5CC5)C(=O)NC6=CN=C(C=C6)F	BMS-754807
CC1=C2[C@H](C(=O)[C@@]3([C@H](C[C@@H]4[C@](C3[C@@H]([C@@](C2(C)C)(C[C@@H]1OC(=O)[C@@H]([C@H](C5=CC=CC=C5)NC(=O)OC(C)(C)C)O)O)OC(=O)C6=CC=CC=C6)(CO4)OC(=O)C)O)C)O	114977-28-5 (anhydrous)
COC(=O)C1=CC(=CC(=C1)C(=O)N2CCN(CC2)C(=O)C3=CC=C(C=C3)C(=N)N)CN4CCN(CC4)C(=N)N	CBB1007
C1CC2=CC=CC3=C2N(C1)C=C3[C@H]4[C@@H](C(=O)NC4=O)C5=CNC6=CC=CC=C65	Tivantinib
C1=CC=C(C=C1)S(=O)(=O)N(CC(F)(F)F)C2=CC=C(C=C2)C(C(F)(F)F)(C(F)(F)F)O	T0901317
CN1C=C(C=N1)C2=NN3C(=NN=C3SC4=CC5=C(C=C4)N=CC=C5)C=C2	SGX-523
C[C@@H]1CN(S(=O)(=O)C2=C(C=C(C=C2)C#CC3=CC=NC=C3)O[C@H]1CN(C)C(=O)NC4=CC5=C(C=C4)OCO5)[C@H](C)CO	3-(1,3-benzodioxol-5-yl)-1-[[(4R,5R)-2-[(2R)-1-hydroxypropan-2-yl]-4-methyl-1,1-dioxo-8-(2-pyridin-4-ylethynyl)-4,5-dihydro-3H-6,1$l^{6},2-benzoxathiazocin-5-yl]methyl]-1-methylurea
C1=CC=C(C=C1)COC2=CC3=C(C=C2)NC(=C3)C(=O)O	5-(benzyloxy)-1H-indole-2-carboxylic acid
C[C@H](C1=CC=CC=C1C(F)(F)F)OC2=C(SC(=C2)N3C=NC4=C3C=C(C=C4)CN5CCN(CC5)C)C(=O)N	GSK461364
CC1=C(N=C(N=C1N)[C@H](CC(=O)N)NC[C@@H](C(=O)N)N)C(=O)N[C@@H]([C@H](C2=CN=CN2)OC3C(C(C(C(O3)CO)O)O)OC4C(C(C(C(O4)CO)O)OC(=O)N)O)C(=O)N[C@H](C)[C@H]([C@H](C)C(=O)N[C@@H]([C@@H](C)O)C(=O)NCCC5=NC(=CS5)C6=NC(=CS6)C(=O)NCCC[S+](C)C)O	bleomycin
CC(C)(C)C1=CN=C(O1)CSC2=CN=C(S2)NC(=O)C3CCNCC3	SNS-032
CCN1CCC(CC1)N2C=C(N=N2)CNC3=CC(=C4C(=C3)C(=C(C=N4)C#N)NC5=CC(=C(C=C5)F)Cl)Cl	Cot inhibitor-2
CCC1=CC(=C(C=C1N2CCC(CC2)N3CCN(CC3)S(=O)(=O)C)OC)NC4=NC=CC(=N4)C5=C(N=C6N5C=CC=C6)C7=CC(=C(C=C7)OC)C(=O)NC8=C(C=CC=C8F)F	GSK1904529A
C1=CC=C2C(=C1)N=C(S2)C(C#N)C3=NC(=NC=C3)NCCC4=CN=CC=C4	AS601245
CNC(=O)C1=NC=CC(=C1)OC2=CC(=C(C=C2)NC(=O)NC3=CC(=C(C=C3)Cl)C(F)(F)F)F	Regorafenib
C[C@H]1CN(S(=O)(=O)C2=C(C=C(C=C2)C#CC3=CC=CC=C3F)O[C@H]1CN(C)C(=O)CC4=CC=NC=C4)[C@@H](C)CO	N-[[(4S,5R)-8-[2-(2-fluorophenyl)ethynyl]-2-[(2S)-1-hydroxypropan-2-yl]-4-methyl-1,1-dioxo-4,5-dihydro-3H-6,1$l^{6},2-benzoxathiazocin-5-yl]methyl]-N-methyl-2-pyridin-4-ylacetamide
CCCC1=NN(C2=C1NC(=NC2=O)C3=C(C=CC(=C3)S(=O)(=O)N4CCN(CC4)C)OCC)C	sildenafil
CC(C)OC1=C(C=CC(=C1)OC)C2=NC(C(N2C(=O)N3CCNC(=O)C3)C4=CC=C(C=C4)Cl)C5=CC=C(C=C5)Cl	Nutlin-3
C[C@@H]1CN(C(=O)C2=C(C(=CC=C2)NC(=O)NC3=CC=CC4=CC=CC=C43)O[C@H]1CN(C)S(=O)(=O)C5=CC=C(C=C5)OC)[C@@H](C)CO	1-[(2R,3R)-5-[(2S)-1-hydroxypropan-2-yl]-2-[[(4-methoxyphenyl)sulfonyl-methylamino]methyl]-3-methyl-6-oxo-3,4-dihydro-2H-1,5-benzoxazocin-10-yl]-3-(1-naphthalenyl)urea
C1=CC(=CC=C1COC[C@@H]2[C@H]([C@H]([C@@H](O2)N3C4=C(C(=NC=N4)N)N=C3NCC5=CC(=C(C=C5)Cl)Cl)O)O)C#N	1134156-31-2
C1=CC2=C(C=CC=N2)C(=C1)NC(=O)/C(=C/C3=CC=C(O3)C4=C(C=CC(=C4)Cl)Cl)/C#N	AGK2
C1CNP(=O)(OC1)N(CCCl)CCCl	cyclophosphamide
CCCC[C@@H](C)/C=C(\C)/C=C(\C)/C(=O)NC1=C[C@]([C@H]2[C@@H](C1=O)O2)(/C=C/C=C/C=C/C(=O)NC3C(=O)CCC3=O)O	CHEBI:93385
CCC(C)SSC1=NC=CN1	PX-12
C1=CN=CC=C1C(=O)NO	Isonicotinohydroxamic acid
C1CCN(C1)[C@H]2CCC3=C(CC2)C=C(C=C3)NC4=NN(C(=N4)N)C5=NN=C6C(=C5)CCCC7=CC=CC=C76	Bemcentinib
C[C@@H]1C/C(=C/C=C/[C@@H]([C@H](OC(=O)/C(=C/C(=C/[C@H]([C@H]1O)C)/C)/OC)[C@@H](C)[C@H]([C@H](C)[C@H]2C[C@H]([C@@H]([C@H](O2)C(C)C)C)O)O)OC)/C	HMS1361J12
COC1=CC=C(C=C1)CN2C=CC3=C2C=C(C=C3)C(=O)NO	PCI-34051
CCOC1=C(C(=CC(=N1)NC(=O)CC2=C(C=CC(=C2)OC)OC)N)C#N	JNK Inhibitor VIII
C1=C(C(=O)NC(=O)N1)F	5-Fluorouracil
CCN(CC)CCCC(C)NC1=NC(=CC(=N1)NC2=CC3=C(C=C2)N=C(C=C3N)C)C	Nsc 23766
CC1=C(SC(=N1)NC(=O)N2CCC[C@H]2C(=O)N)C3=CC(=NC=C3)C(C)(C)C(F)(F)F	alpelisib
C1=CC=C2C(=C1)C(=O)C(=C(C2=O)SCCO)SCCO	NSC 95397
CCN1C2=CC(=NC=C2N=C1C3=NON=C3N)OC4=CC=CC(=C4)NC(=O)C5=CC=C(C=C5)OCCN6CCOCC6	GSK269962A
C1=CN(C(=O)N=C1N)[C@H]2[C@H]([C@@H]([C@H](O2)CO)O)O	cytarabine
C/C(=C\C(=O)NC1=CC=CC=C1C(=O)O)/C2=CC3=CC=CC=C3C=C2	BIBR 1532
CC1=CC=C(C=C1)C(=O)CN2C3=C(CCCC3)SC2=N	pifithrin
CC(C1=CC=CC=C1)C(=O)NC2=CC=CC(=C2)NC=C3C(=O)C=CC4=CC=CC=C43	Salermide
CCCCCCCCCC(=O)N[C@H](CN1CCOCC1)[C@@H](C2=CC=CC=C2)O	CHEMBL416418
COC1=C(C=C(C=C1)CS(=O)(=O)/C=C/C2=C(C=C(C=C2OC)OC)OC)NCC(=O)O	Rigosertib
CC(=O)N(C1=CC=CC=C1C=CC2=CC=[N+](C=C2)[O-])S(=O)(=O)C3=CC=C(C=C3)OC	N-(4-methoxyphenyl)sulfonyl-N-[2-[2-(1-oxido-4-pyridin-1-iumyl)ethenyl]phenyl]acetamide
CN1CCN(CC1)C(=O)C[C@H]2C=C[C@@H]([C@H](O2)CO)NS(=O)(=O)C3=CC=CC(=C3)F	3-fluoro-N-[(2S,3S,6S)-2-(hydroxymethyl)-6-[2-(4-methylpiperazin-1-yl)-2-oxoethyl]-3,6-dihydro-2H-pyran-3-yl]benzenesulfonamide
CC(C)OC(=O)/C=C\N1C=NC(=N1)C2=CC(=CC(=C2)OC)C(F)(F)F	KPT-185
CN1CCN(CC1)CCCOC2=C(C=C3C(=C2)N=CC(=C3NC4=CC(=C(C=C4Cl)Cl)OC)C#N)OC	Bosutinib
C[C@H]1CN(C(=O)C2=C(C=CC(=C2)NC(=O)C3CCCCC3)O[C@H]1CNC)[C@@H](C)CO	N-[(2R,3S)-5-[(2S)-1-hydroxypropan-2-yl]-3-methyl-2-(methylaminomethyl)-6-oxo-3,4-dihydro-2H-1,5-benzoxazocin-8-yl]cyclohexanecarboxamide
CC1=CC=C(C=C1)C(=O)N(CCCN)[C@@H](C2=NC3=C(C=CC(=C3)Cl)C(=O)N2CC4=CC=CC=C4)C(C)C.CS(=O)(=O)O	Ispinesib mesylate
CN1CCC(CC1)COC2=C(C=C3C(=C2)N=CN=C3NC4=C(C=C(C=C4)Br)F)OC	Vandetanib
C1CCC(C1)C2=C(C=CC(=C2)C3=CNC4=NC=C(C=C34)C5=CC=CC=C5)C(=O)O	GSK 650394
COC1=CC(=C(C=C1)OC)C2=NN=C3N2N=C(CS3)C4=CC(=C(C=C4)OC)OC	ML-030
C1=CC(=C(C(=C1)F)N(C2=NC(=C(C=C2)C(=O)N)C3=C(C=C(C=C3)F)F)C(=O)N)F	VX-702
CC(C)(C#N)C1=CC=C(C=C1)N2C3=C4C=C(C=CC4=NC=C3COC2=O)C5=CC6=CC=CC=C6N=C5	ETP-46464
CC1=C(C(=CC=C1)Cl)NC(=O)C2=CN=C(S2)NC3=NC(=NC(=C3)N4CCN(CC4)CCO)C	Dasatinib
C1CN(CCN1)CC2=CC(=CC(=C2)C3=NC4=CC=CC=C4N3)NC(=O)C5=NC6=CC=CC=C6N=C5	N-[3-(1H-benzimidazol-2-yl)-5-(1-piperazinylmethyl)phenyl]-2-quinoxalinecarboxamide
C1=CC(=CC(=C1)Cl)C2=NC(=NC=C2)NC3=CC=C(C=C3)C(F)(F)F	VAF347
C1C2CC3CC1CC(C2)(C3)C4=C(C=CC(=C4)C5=C(C=C(C=C5)/C=C/C(=O)O)Cl)O	3-Cl-AHPC
CN1CCCN(CC1)C2=NC3=CC(=C(C=C3C(=N2)NC4CCN(CC4)CC5=CC=CC=C5)OC)OC	BIX-01294
CC(C)OC(=O)C1=CN(CC(C2=C1NC3=CC=CC=C32)(C)C)C(=O)C4=CC(=C(C=C4)F)F	629664-81-9
C[C@@H]1CN(C(=O)C2=C(C(=CC=C2)NC(=O)NC3=CC=CC=C3)O[C@@H]1CN(C)CC4=CC=C(C=C4)C(=O)NC5=CC=CC=C5N)[C@@H](C)CO	BRD6708
C1=CC=C(C=C1)C(C2=CC=CC=C2)(C3=CC=CC=C3)SC[C@@H](C(=O)O)N	S-Trityl-L-cysteine
C1CC(C1)(C(=O)O)C(=O)O.[Pt]	SCHEMBL2671349
C/C/1=C/CC[C@@]2([C@H](O2)[C@@H]3[C@@H](CC1)C(=C)C(=O)O3)C	parthenolide
CC[C@@H](C1=NC2=C(C(=CC=C2)F)C(=O)N1C3=CC=CC=C3)NC4=NC=NC5=C4NC=N5	Idelalisib
CC[C@@]1(C[C@H]2C[C@@](C3=C(CCN(C2)C1)C4=CC=CC=C4N3)(C5=C(C=C6C(=C5)[C@]78CCN9[C@H]7[C@@](C=CC9)([C@H]([C@@]([C@@H]8N6C=O)(C(=O)OC)O)OC(=O)C)CC)OC)C(=O)OC)O	vincristine
CC1=C(C2=CC=CC=C2N1)C(C3=CC=C(C=C3)Cl)NC4=CC=CC=N4	CCT036477
C[C@H]1[C@H](CN(C(=O)C2=CC=CC(=C2OC[C@@H]3[C@@H](CC[C@H](O3)CCN(C1=O)C)OC)C#N)C)OC	LSM-13729
CC1=C(C2=CC=CC=C2N1)CCNCC3=CC=C(C=C3)/C=C/C(=O)NO	Panobinostat
CCCC[C@@H](C)[C@H]([C@H](CC(C)C[C@@H](CCCC[C@H](C[C@@H]([C@H](C)N)O)O)O)OC(=O)C[C@@H](CC(=O)O)C(=O)O)OC(=O)C[C@@H](CC(=O)O)C(=O)O	(2R)-2-[2-[(5R,6R,7S,11R,16R,18S,19S)-19-amino-6-[(3R)-3,4-dicarboxybutanoyl]oxy-11,16,18-trihydroxy-5,9-dimethylicosan-7-yl]oxy-2-oxoethyl]butanedioic acid
C1CC[C@H]([C@H](C1)C(=O)N2CCC3=CC=CC=C3[C@H]2CN4C(=O)C5=CC=CC=C5C4=O)C(=O)O	CHEMBL3185746
COC(=O)C1=CC2=C(C=C1)N(C(=N2)NC(=O)C3=CC=CC=C3)CCCC4=CC=CC=C4	BRD4770
CC(C)N1CCC(CC1)NC2=NC(=NC3=CC(=C(C=C32)OC)OCCCN4CCCC4)C5CCCCC5	UNC0638
CN(C)CCOC1=CC=C(C=C1)C2=N/C(=C/3\C=CC4=C(CCC4=C3)N=O)/C(=C5C=CNC=C5)N2	405554-55-4
COC1=CC(=CC(=C1OC)OC)CCC(=O)N2CCC=CC2=O	Dihydropiplartine
CC(C)S(=O)(=O)C1=CC=CC=C1NC2=NC(=NC=C2Cl)NC3=C(C=C(C=C3)N4CCC(CC4)N5CCN(CC5)C)OC	761439-42-3
CC1(CC2=C(C(=O)C1)C(=NN2C3=CC(=C(C=C3)C(=O)N)NC4CCC(CC4)O)C(F)(F)F)C	SNX-2112
CCCCCCCCCCCC1=C(C(=O)C=C(C1=O)O)O	EMBELIN
CN1CC[C@H]([C@@H](C1)O)C2=C(C=C(C3=C2OC(=CC3=O)C4=CC=CC=C4Cl)O)O	Flavopiridol
CC1(CC(C1)C2=NC(=C3N2C=CN=C3N)C4=CC5=C(C=C4)C=CC(=N5)C6=CC=CC=C6)O	Linsitinib
COC1=CC=C(C=C1)C#CC2=CCCN(C2=O)C(=O)/C=C/C3=CC(=C(C(=C3)OC)OC)OC	SCHEMBL15422028
CCCS(=O)(=O)NC1=C(C(=C(C=C1)F)C(=O)C2=CNC3=NC=C(C=C23)C4=CC=C(C=C4)Cl)F	Vemurafenib
CC1=C(C2=C(N1C(=O)C3=C(C(=CC=C3)Cl)Cl)C=CC(=C2)OC)CCN4CCOCC4	180002-83-9
C[C@]12CC[C@@H](CC1=CC[C@@H]3[C@@H]2CC[C@]4([C@H]3CC=C4C5=CN=CC=C5)C)O	Abiraterone
C[C@H]1CN(C(=O)C2=C(N=CC(=C2)C#CC3(CCCC3)O)O[C@@H]1CN(C)C(=O)C4CCOCC4)[C@@H](C)CO	N-[[(2S,3S)-8-[2-(1-hydroxycyclopentyl)ethynyl]-5-[(2S)-1-hydroxypropan-2-yl]-3-methyl-6-oxo-3,4-dihydro-2H-pyrido[2,3-b][1,5]oxazocin-2-yl]methyl]-N-methyl-4-oxanecarboxamide
C[C@@H]1CCC[C@H](/C=C/C(=O)O[C@]23[C@@H](/C=C/C1)[C@@H](C(=C)[C@H]([C@H]2[C@@H](NC3=O)CC4=CC=CC=C4)C)O)O	CYTOCHALASIN B
CCOC1=CC=CC=C1N2C(=O)C3=CC=CC=C3N=C2C(C)N4CCN(CC4)C(=O)COC5=CC=C(C=C5)Cl	ERASTIN
CC(C)N1C(C(C2=CC=CC=C21)C3=CC=C(C=C3)F)/C=C/C(CC(CC(=O)O)O)O	CHEMBL3188232
CC/C(=C/[C@H](C)C/C=C/C(=C/[C@@H](C)C(=O)[C@@H](C)[C@@H]([C@@H](C)C/C(=C/C(=O)O)/C)O)/C)/C=C/[C@H]1[C@H](C=CC(=O)O1)C	Leptomycin B
CC1=C(C(=O)C2=C(C1=O)N3C[C@H]4[C@@H]([C@@]3([C@@H]2COC(=O)N)OC)N4)N	mitomycin C
CC1=CC2=C(C=C1C)N(C(=N2)NCCCO)CC(=O)C3=CC(=C(C(=C3)C(C)(C)C)O)C(C)(C)C	758679-97-9
C[C@H](C1=NC=C(S1)C(=O)NC2=NC=C(C(=C2)C(F)(F)F)Cl)NC(=O)C3=C(C(=NC=N3)N)Cl	1096708-71-2
CC1=CC(=C(C=C1)F)NC(=O)NC2=CC=C(C=C2)C3=C4C(=CC=C3)NN=C4N	Linifanib
C=CCC1=CC=C/C(=C/NNC(=O)CN2CCN(CC2)CC3=CC=CC=C3)/C1=O	315183-21-2
COC(=O)[C@H](CCSC)NC(=O)C1=C(C=C(C=C1)NC[C@H](CS)N)C2=CC=CC=C2	FTI-277
CC[C@H](C)[C@@H](C(=O)N[C@@]1(CCC/C=C\CCC[C@](NC(=O)[C@@H](NC(=O)[C@@H](NC(=O)[C@@H](NC1=O)CCSC)CC(C)C)CC(C)C)(C)C(=O)N[C@@H](C)C(=O)N[C@@H](C)C(=O)N[C@@H](CC(=O)N)C(=O)N[C@@H](CCCNC(=N)N)C(=O)N[C@@H](CC(C)C)C(=O)N[C@@H](CCC(=O)O)C(=O)N[C@@H](CCCNC(=N)N)C(=O)O)C)NC(=O)[C@H](CCCNC(=N)N)NC(=O)[C@H](CCCNC(=N)N)NC(=O)CCNC(=O)C	BRD-K58306044-001-01-3
CC1=CC2=C(C=C1)N=C3C(C2=O)(CCN3C4=CC=CC=C4)O	Blebbistatin
C[C@H]1CN(C(=O)CC2=C(C=CC(=C2)NC(=O)NC(C)C)O[C@H]1CN(C)S(=O)(=O)C)[C@H](C)CO	1-[(2R,3S)-5-[(2R)-1-hydroxypropan-2-yl]-3-methyl-2-[[methyl(methylsulfonyl)amino]methyl]-6-oxo-2,3,4,7-tetrahydro-1,5-benzoxazonin-9-yl]-3-propan-2-ylurea
CC1=C(C=C(C=C1)NC2=NC=CC(=N2)N(C)C3=CC4=NN(C(=C4C=C3)C)C)S(=O)(=O)N	Pazopanib
CCC/C=C/C=C/C(=O)O[C@H]1/C(=C/C(=O)OC)/C[C@H]2C[C@@H](OC(=O)C[C@@H](C[C@@H]3C[C@@H](C([C@@](O3)(C[C@@H]4C/C(=C/C(=O)OC)/C[C@@H](O4)/C=C/C([C@@]1(O2)O)(C)C)O)(C)C)OC(=O)C)O)[C@@H](C)O	Bryostatin 1
C1=CC(=CC=C1CCC(=O)C2=C(C=C(C=C2O)O)O)O	phloretin
N.N.[Cl-].[Cl-].[Pt+2]	dichloroplatinum diammoniate
CN(C)CC1=CC(=CC=C1)N/C(=C\2/C3=C(C=C(C=C3)C(=O)N(C)C)NC2=O)/C4=CC=CC=C4	BIX 02189
C1=CC(=CC=C1C2=CC(=C(S2)NC(=O)N)C(=O)N)F	TPCA-1
C[C@@H]1CC[C@H]2C[C@@H](/C(=C/C=C/C=C/[C@H](C[C@H](C(=O)[C@@H]([C@@H](/C(=C/[C@H](C(=O)C[C@H](OC(=O)[C@@H]3CCCCN3C(=O)C(=O)[C@@]1(O2)O)[C@H](C)C[C@@H]4CC[C@H]([C@@H](C4)OC)O)C)/C)O)OC)C)C)/C)OC	(-)-Rapamycin
CC1=CC=C(C=C1)C2=C(N(C3=C2C(=NC=N3)N)CCCO)C(=O)CCl	821794-90-5
C1CC2=CC=CC=C2N(C1)S(=O)(=O)C3=CC=C(C=C3)C4=CN=C(O4)C5CC5	PK-3
C1=CC=C(C=C1)COC2=NC(=NC3=C2NC=N3)N	o6-benzylguanine
CCN(CC)C1=C(C=C(C=C1)C2=NNC(=O)CC2C)[N+](=O)[O-]	DNMDP
CC[C@@]1(C[C@H]2C[C@@](C3=C(CCN(C2)C1)C4=CC=CC=C4N3)(C5=C(C=C6C(=C5)[C@]78CCN9[C@H]7[C@@](C=CC9)([C@H]([C@@]([C@@H]8N6C)(C(=O)OC)O)OC(=O)C)CC)OC)C(=O)OC)O	vinblastine
CC(=O)NC1=CC=C(C=C1)C(=O)NC2=CC=CC=C2N	Tacedinaline
C[C@@]12C[C@H](C([C@]1(CC(=O)[C@@]3(C2CC=C4C3CC(=O)C(=O)C4(C)C)C)C)[C@](C)(C(=O)/C=C/C(C)(C)O)O)O	BRD-A28105619-001-01-3
C1CN2CCC1C(=O)C2(CO)CO	prima-1
C/C(=C(\C#N)/C(=O)NC1=C(C=CC(=C1)Br)Br)/O	lfm-a13
C1=CC=C2C(=C1)C(=CN2)CCNC3=CC=CC(=C3)NC4=CC=NC=C4	N1-[2-(1H-indol-3-yl)ethyl]-N3-pyridin-4-ylbenzene-1,3-diamine
C1=CC=C2C(=C1)C(=O)N(C2=O)[C@@H](CC3=CNC4=CC=CC=C43)C(=O)O	RG108
CC(=O)N[C@@H]1C/C=C/CCC(=O)N[C@@H](COC1=O)C2=CC=CC=C2	CHEMBL2152368
COC1=C(C=C(C=N1)C2=CC3=C(C=CN=C3C=C2)C4=CN=NC=C4)NS(=O)(=O)C5=C(C=C(C=C5)F)F	Omipalisib
C1=CC(=CC=C1C2=CSC(=N2)NC3=CC=C(C=C3)O)Cl	SKI II
CC1=C(C=C(C=C1)NC(=O)C2=CC(=CC=C2)C(C)(C)C#N)NC3=CC4=C(C=C3)N=CN(C4=O)C	878739-06-1
CC1=C2C(=CC=C1)N=C(N(C2=O)C3=CC=CC=C3C)CN4C=NC5=C4N=CN=C5N	IC-87114
C1=CC2=NC=CC(=C2C=C1/C=C\3/C(=O)NC(=O)S3)C4=CC=NC=C4	GSK1059615
C1=CC2=NC=CN=C2C=C1/C=C\3/C(=O)NC(=O)S3	AS-605240
C1=CC=C(C(=C1)N)NC(=O)C2=CC=C(C=C2)CNC(=O)OCC3=CN=CC=C3	Entinostat
CC1=CC=CC=C1C(C(=O)NC2CCCCC2)N(C3=CC(=CC=C3)F)C(=O)CC4=CC=NC=C4	CHEMBL2180739
COC1=C(C=CC(=C1)C=CC(=O)CC(=O)C=CC2=CC(=C(C=C2)O)OC)O	1,6-Heptadiene-3,5-dione, 1,7-bis(4-hydroxy-3-methoxyphenyl)-
C1=CC(=CC=C1S(=O)(=O)N(CC2=C(C=C(C=C2)C3=NOC=N3)F)[C@H](CCC(F)(F)F)C(=O)N)Cl	Avagacestat
CN1C=NC=C1[C@](C2=CC=C(C=C2)Cl)(C3=CC4=C(C=C3)N(C(=O)C=C4C5=CC(=CC=C5)Cl)C)N	Tipifarnib (S enantiomer)
C[C@@H]1CN(C[C@@H](O1)C)C2=NC=C(C=C2)NC(=O)C3=CC=CC(=C3C)C4=CC=C(C=C4)OC(F)(F)F	Erismodegib
C[C@H]1CN(C(=O)CCCN2C=C(CO[C@H]1CN(C)CC3=CC4=C(C=C3)OCCO4)N=N2)[C@H](C)CO	(8S,9R)-9-[[2,3-dihydro-1,4-benzodioxin-6-ylmethyl(methyl)amino]methyl]-6-[(2R)-1-hydroxypropan-2-yl]-8-methyl-10-oxa-1,6,13,14-tetrazabicyclo[10.2.1]pentadeca-12(15),13-dien-5-one
C1COCCN1C2=CC(=O)C3=C(O2)C(=CC=C3)C4=CC=CC5=C4SC6=CC=CC=C56	503468-95-9
COC1=C(C=C2C(=C1)C(=NC=N2)NC3=CC(=C(C(=C3)Br)O)Br)OC	WHI-P97
CC1=CC(=O)N(C(=C1)C2CCCCC2)O	CICLOPIROX
C1=CC=C(C=C1)C2=CC=CC=C2NC(=O)CCCCCCCN3C=C(N=N3)C4=CN=CC=C4	GPP78
C[C@H]1CN(C(=O)C2=C(C(=CC=C2)NC(=O)C3=CC(=NN3C)C)O[C@@H]1CN(C)C)[C@H](C)CO	N-[(2S,3S)-2-[(dimethylamino)methyl]-5-[(2R)-1-hydroxypropan-2-yl]-3-methyl-6-oxo-3,4-dihydro-2H-1,5-benzoxazocin-10-yl]-2,5-dimethyl-3-pyrazolecarboxamide
CN1CCN(CC1)CCOC2=CC(=C3C(=C2)N=CN=C3NC4=C(C=CC5=C4OCO5)Cl)OC6CCOCC6	Saracatinib
C[C@H]1CN(C(=O)C2=C(C=CC(=C2)N(C)C)O[C@H]1CN(C)CC3=CC(=C(C=C3)Cl)Cl)[C@H](C)CO	(2R,3S)-2-[[(3,4-dichlorophenyl)methyl-methylamino]methyl]-8-(dimethylamino)-5-[(2R)-1-hydroxypropan-2-yl]-3-methyl-3,4-dihydro-2H-1,5-benzoxazocin-6-one
C1OC2=C(O1)C=C(C=C2)C3=C(NC(=N3)C4=CC=C(C=C4)C(=O)N)C5=CC=CC=N5	301836-41-9
C[C@@](C(=O)NC1=C(C=C(C=C1)S(=O)(=O)C2=CC=C(C=C2)C(=O)N(C)C)Cl)(C(F)(F)F)O	AZD7545
CC1=CN2C(=O)C=C(N=C2C(=C1)C(C)NC3=CC=CC=C3)N4CCOCC4	TGX-221
C1=CC(=CC=C1CNC2=NC=NC3=C2C=C(C=C3)F)F	Spautin-1
CC1=CN=C(C=N1)CNC(=O)C2=C3N(C4=CC=CC=C4S3)C5=C(C2=O)C=CC(=N5)N6CCCN(CC6)C	CX-5461
C[C@@H](C1=CC=CC=C1)N=C(NC#N)NC2=CC=CC3=C2C=CC=N3	1125758-85-1
C1CN2C(=NN=C2C(F)(F)F)CN1C(=O)C[C@@H](CC3=CC(=C(C=C3F)F)F)N	Sitagliptin
C1OC2=C(O1)C(=C3C(=C2)C4=C[C@@H]([C@H]([C@H]([C@@H]4NC3=O)O)O)O)O	Narciclasine
CC1=CC(=C(N1)/C=C\2/C(=CC(=C3C=C4C=CC=CC4=N3)N2)OC)C	Obatoclax
CC1=CC=C(C=C1)C=C2CNCC(=CC3=CC=C(C=C3)C)C2=O	3,5-bis[(4-methylphenyl)methylidene]-4-piperidinone
CCN1CCN(CC1)CC2=C(C=C(C=C2)NC(=O)C3=CC(=C(C=C3)C)/C=C/C4=CN=C5C(=C4OC)C=CN5)C(F)(F)F	HG6-64-1
CN1CCN(CC1)CCCOC2=CC3=NC(=CC(=C3C=C2OC)NC4=CC(=C(C=C4Cl)Cl)OC)C#N	CHEMBL3182697
CC1=C(NC(=C1C(=O)N2CCC[C@@H]2CN3CCCC3)C)/C=C\4/C5=C(C=CC(=C5)S(=O)(=O)CC6=C(C=CC=C6Cl)Cl)NC4=O	PHA-665752
CC(C)C[C@H]([C@@H](C(=O)NO)O)C(=O)N[C@@H](C1=CC=CC=C1)C(=O)OC2CCCC2	Tosedostat
CCC1=C2C=C(C=CC2=NC3=C1CN4C3=CC5=C(C4=O)COC(=O)C5(CC)O)O	130144-34-2
C1CN(CCN1)CC(CN2C3=C(C=C(C=C3)Br)C4=C2C=CC(=C4)Br)O	335165-68-9
C1=CC(=CC=C1/C=C/C(=O)C2=C(C=C(C=C2)O)O)O	isoliquiritigenin
CC1=C(C=CC(=C1)[N+](=O)[O-])NS(=O)(=O)C2=C(C=CC(=C2)Cl)Cl	FH535
CN1CCN(CC1)CCCN2C3=CC=CC=C3SC4=C2C=C(C=C4)C(F)(F)F	trifluoperazine
C1=NC(=C(N1[C@H]2[C@@H]([C@@H]([C@H](O2)COP(=O)(O)O)O)O)N)C(=O)N	AICA ribonucleotide
CC1=CC(=C(N1)/C=C\2/C(=C/C(=C/3\C=C4C=CC=CC4=N3)/N2)OC)C.CS(=O)(=O)O	Obatoclax mesylate
C1=NC(=NC(=O)N1[C@H]2[C@@H]([C@@H]([C@H](O2)CO)O)O)N	5-azacytidine
C1C2CC3CC1CC(C2)(C3)C(=O)NC4=CC5=C(C=C4)N=C(S5)NC(=O)C6=CC=CC=C6	NVP-231
CC1=C(C=C(C=C1)NC(=O)C2=CC(=CC=C2)C(F)(F)F)N3CC4=CN=C(N=C4N(C3=O)C)NC5=CC(=NN5C)C	Pluripotin
C1=CC=C(C=C1)CNC2=NC(=NC3=CC=CC=C32)NCC4=CC=CC=C4	DBeQ
C[C@H]1CN(C(=O)CC2=C(C=CC(=C2)N(C)C)O[C@H]1CNC)[C@@H](C)CO	(2R,3S)-9-(dimethylamino)-5-[(2S)-1-hydroxypropan-2-yl]-3-methyl-2-(methylaminomethyl)-2,3,4,7-tetrahydro-1,5-benzoxazonin-6-one
C[C@@]12[C@](C[C@@H](O1)N3C4=CC=CC=C4C5=C6C(=C7C8=CC=CC=C8N2C7=C53)CNC6=O)(CO)O	Lestaurtinib
CC(C)(C)C1=CC(=NO1)NC(=O)NC2=CC=C(C=C2)C3=CN4C5=C(C=C(C=C5)OCCN6CCOCC6)SC4=N3	Quizartinib
C1=CN(C(=O)N=C1)[C@H]2C([C@H]([C@H](O2)CO)O)O	1-[(2R,4R,5R)-3,4-dihydroxy-5-(hydroxymethyl)-2-oxolanyl]-2-pyrimidinone
C1C[C@H]([C@@H](O[C@H]1CC(=O)NCC2=NC=NC=C2)CO)NC(=O)C3=CC=C(C=C3)F	4-fluoro-N-[(2R,3R,6R)-2-(hydroxymethyl)-6-[2-oxo-2-(4-pyrimidinylmethylamino)ethyl]-3-oxanyl]benzamide
CCC(C)C(=O)OC1CC(C=C2C1C(C(C=C2)C)CCC(CC(CC(=O)O)O)O)C	7-[2,6-dimethyl-8-(2-methylbutanoyloxy)-1,2,6,7,8,8a-hexahydronaphthalen-1-yl]-3,5-dihydroxyheptanoic acid
COC(=O)[C@H]1CC2=C([C@@H](N1C(=O)CCl)C3=CC=C(C=C3)C(=O)OC)NC4=CC=CC=C24	RSL3
CC(=CC[C@H](C1=CC(=O)C2=C(C=CC(=C2C1=O)O)O)O)C	shikonin
[NH2-].[NH2-].Cl[Pt+2]Cl	azanide; dichloroplatinum(2+)
CC1=C(C(CC(=O)N1)C2=CC=C(C=C2)C(F)(F)F)C(=O)NC3=C(C=C4C(=C3)C=NN4)F	GSK429286A
CCC(C)(C)C(=O)O[C@H]1C[C@H](C=C2[C@H]1[C@H]([C@H](C=C2)C)CC[C@@H]3C[C@H](CC(=O)O3)O)C	simvastatin
CC1=CC(=NN1)NC2=NC(=NC=C2Cl)N[C@@H](C)C3=NC=C(C=N3)F	AZD1480
C=CC(=O)N1CCC[C@H](C1)N2C3=C(C(=N2)C4=CC=C(C=C4)OC5=CC=CC=C5)C(=NC=N3)N	Ibrutinib
COC1=CC(=CC(=C1OC)OC)/C=C/C(=O)N2CCC=CC2=O	Piperlongumine
C1COCCN1C2=NC(=NC3=C2OC4=C3C=CC=N4)C5=CC(=CC=C5)NC(=O)C6=CN=C(C=C6)N	371942-69-7
CN1C=C(C2=CC=CC=C21)C3=C(C(=O)NC3=O)C4=CN(C5=CC=CC=C54)C6CCN(CC6)CC7=CC=CC=N7	Enzastaurin
C1=C(SC=C1Br)COC2=NC(=NC3=C2NC=N3)N	Lomeguatrib
COC1=C(C=C2C(=C1)N=CN2C3=CC(=C(S3)C(=O)N)OCC4=CC=CC=C4C(F)(F)F)OC	GW843682X
C1COCCN1CCOC2=CC=C(C=C2)C3=CN=C(C=C3)CC(=O)NCC4=CC=CC=C4	KX2-391
C1[C@](O1)(CCCCCCOC2=CC=C(C=C2)Cl)C(=O)O	124083-14-3
C[C@H]1CN(S(=O)(=O)C2=C(C=C(C=C2)C#CC3CCCC3)O[C@H]1CN(C)C(=O)NC4=C(C=CC(=C4)F)F)[C@H](C)CO	1-[[(4S,5R)-8-(2-cyclopentylethynyl)-2-[(2R)-1-hydroxypropan-2-yl]-4-methyl-1,1-dioxo-4,5-dihydro-3H-6,1$l^{6},2-benzoxathiazocin-5-yl]methyl]-3-(2,5-difluorophenyl)-1-methylurea
CC1=C(C=C(C=C1)C(=O)NC2=CC(=CC(=C2)N3C=C(N=C3)C)C(F)(F)F)NC4=NC=CC(=N4)C5=CN=CC=C5	Nilotinib
CC1=CC2=C(C=C1)N=C(C3=NC=C(N23)C)NCCN.Cl	BMS-345541
C1[C@H]([C@H](OC2=CC(=CC(=C21)O)O)C3=CC(=C(C(=C3)O)O)O)OC(=O)C4=CC(=C(C(=C4)O)O)O	(-)-Epigallocatechin gallate
CS(=O)(=O)CCNCC1=CC=C(O1)C2=CC3=C(C=C2)N=CN=C3NC4=CC(=C(C=C4)OCC5=CC(=CC=C5)F)Cl	Lapatinib
CC(C)C1=CC=C(C=C1)CN2C=CC3=C2C=CC4=C3C(=NC(=N4)NC5CC5)N	SCH-79797
C1=CC(=C(C=C1NC2=C(C=NC3=C(C=C(C=C32)NCC4=CN=CN4)Cl)C#N)Cl)F	CHEMBL436817
CN1C=C(C=N1)C2=CC3=C4C(=CN=C3C=C2)C=CC(=O)N4C5=CC6=C(CCN6C(=O)C=C)C=C5	QL47
CC1(C(=O)NC2=C(O1)C=CC(=N2)NC3=NC(=NC=C3F)NC4=CC(=C(C(=C4)OC)OC)OC)C	841290-80-0
CC(C)N1C(=O)/C(=C\C2=CC=C(O2)SC3=NC4=CC=CC=C4N3)/SC1=O	(5E)-5-{[5-(1H-benzimidazol-2-ylthio)-2-furyl]methylene}-3-isopropyl-1,3-thiazolidine-2,4-dione
COCCOC1=C(C=C2C(=C1)C(=NC=N2)NC3=CC=CC(=C3)C#C)OCCOC	Erlotinib
